Date,Temperature,Rainfall,Humidity
2013-06-16,20,41.7,69
2013-06-17,22,11.4,63
2013-06-18,20,23.3,77
2013-06-19,21,100.1,76
2013-06-20,21,3.4,84
2013-06-21,21,5.6,81
2013-06-22,22,26.6,73
2013-06-23,22,27.8,71
2013-06-24,22,35.5,75
2013-06-25,22,28.5,79
2013-06-26,22,12.6,82
2013-06-27,22,27.5,77
2013-06-28,21,20.1,81
2013-06-29,21,36.7,86
2013-06-30,21,8.2,82
2013-07-01,21,7.5,78
2013-07-02,22,14.1,82
2013-07-03,21,14.2,82
2013-07-04,21,25.1,83
2013-07-05,21,40.5,89
2013-07-06,20,31.4,86
2013-07-07,21,15.5,81
2013-07-08,21,23.4,84
2013-07-09,20,19.9,84
2013-07-10,22,29.8,82
2013-07-11,22,15.0,80
2013-07-12,21,6.7,83
2013-07-13,21,19.6,81
2013-07-14,22,20.1,82
2013-07-15,22,22.2,81
2013-07-16,23,14.6,78
2013-07-17,21,24.0,81
2013-07-18,22,27.6,79
2013-07-19,21,14.2,83
2013-07-20,22,10.6,75
2013-07-21,22,19.2,77
2013-07-22,22,59.8,76
2013-07-23,22,8.1,72
2013-07-24,21,34.7,76
2013-07-25,21,13.7,72
2013-07-26,21,16.2,79
2013-07-27,21,26.6,85
2013-07-28,20,13.0,90
2013-07-29,22,6.4,86
2013-07-30,22,31.4,88
2013-07-31,22,22.5,85
2013-08-01,21,12.2,86
2013-08-02,21,12.2,78
2013-08-03,21,6.9,79
2013-08-04,22,14.7,80
2013-08-05,21,39.4,79
2013-08-06,20,19.7,81
2013-08-07,21,9.8,80
2013-08-08,21,6.9,84
2013-08-09,21,31.5,86
2013-08-10,20,24.2,86
2013-08-11,21,15.0,85
2013-08-12,21,10.4,87
2013-08-13,21,15.6,84
2013-08-14,22,11.8,78
2013-08-15,21,15.4,77
2013-08-16,21,15.4,84
2013-08-17,21,12.1,84
2013-08-18,20,7.4,81
2013-08-19,21,2.9,76
2013-08-20,21,8.5,79
2013-08-21,21,24.7,82
2013-08-22,21,14.3,77
2013-08-23,21,8.7,77
2013-08-24,21,10.0,75
2013-08-25,21,7.6,74
2013-08-26,21,13.4,77
2013-08-27,20,23.1,85
2013-08-28,21,18.1,81
2013-08-29,20,10.3,87
2013-08-30,20,2.6,85
2013-08-31,21,14.7,83
2013-09-01,21,13.5,84
2013-09-02,21,26.4,84
2013-09-03,20,15.8,85
2013-09-04,20,7.1,82
2013-09-05,20,2.3,78
2013-09-06,20,1.8,73
2013-09-07,19,7.7,80
2013-09-08,19,2.5,77
2013-09-09,19,4.5,80
2013-09-10,19,3.9,81
2013-09-11,19,3.0,77
2013-09-12,19,6.6,81
2013-09-13,21,1.4,65
2013-09-14,21,9.0,60
2013-09-15,20,3.3,61
2013-09-16,20,4.6,58
2013-09-17,21,3.0,53
2013-09-18,21,7.7,56
2013-09-19,20,7.5,72
2013-09-20,21,12.7,69
2013-09-21,20,5.8,80
2013-09-22,20,1.8,82
2013-09-23,21,3.4,82
2013-09-24,21,9.6,77
2013-09-25,20,13.6,75
2013-09-26,20,5.5,81
2013-09-27,20,20.2,89
2013-09-28,20,12.8,75
2013-09-29,19,18.6,79
2013-09-30,18,15.8,84
2013-10-01,18,2.5,79
2013-10-02,18,2.6,76
2013-10-03,18,4.9,80
2013-10-04,17,12.4,87
2013-10-05,18,19.6,91
2013-10-06,17,10.2,88
2013-10-07,18,5.1,85
2013-10-08,19,2.8,82
2013-10-09,20,0.0,85
2013-10-10,20,1.1,82
2013-10-11,20,3.3,68
2013-10-12,19,0.9,70
2013-10-13,17,9.7,84
2013-10-14,16,105.5,89
2013-10-15,17,52.8,89
2013-10-16,17,1.0,84
2013-10-17,18,1.2,78
2013-10-18,17,4.1,76
2013-10-19,16,4.3,78
2013-10-20,17,2.6,70
2013-10-21,16,0.3,63
2013-10-22,15,0.1,76
2013-10-23,15,0.0,80
2013-10-24,16,0.0,75
2013-10-25,16,0.3,71
2013-10-26,15,2.0,79
2013-10-27,14,2.0,80
2013-10-28,14,2.2,65
2013-10-29,14,0.3,74
2013-10-30,14,0.0,76
2013-10-31,13,1.0,73
2013-11-01,13,0.9,71
2013-11-02,13,2.7,70
2013-11-03,13,0.0,68
2013-11-04,12,0.0,70
2013-11-05,13,0.0,72
2013-11-06,14,0.0,57
2013-11-07,15,0.0,36
2013-11-08,14,0.0,26
2013-11-09,14,0.0,25
2013-11-10,14,0.3,20
2013-11-11,14,0.0,30
2013-11-12,13,0.0,32
2013-11-13,14,0.0,36
2013-11-14,13,0.2,42
2013-11-15,13,0.2,43
2013-11-16,14,0.0,43
2013-11-17,15,0.0,42
2013-11-18,13,0.0,57
2013-11-19,13,0.0,70
2013-11-20,13,0.0,74
2013-11-21,12,0.0,73
2013-11-22,11,0.0,73
2013-11-23,12,0.0,80
2013-11-24,13,0.0,88
2013-11-25,13,0.0,85
2013-11-26,12,0.0,82
2013-11-27,13,0.0,82
2013-11-28,14,0.0,74
2013-11-29,14,0.0,69
2013-11-30,13,0.0,74
2013-12-01,12,0.0,81
2013-12-02,12,0.0,79
2013-12-03,14,0.0,47
2013-12-04,13,0.0,35
2013-12-05,13,0.0,50
2013-12-06,12,0.0,65
2013-12-07,12,0.0,62
2013-12-08,12,0.0,62
2013-12-09,12,0.0,43
2013-12-10,11,0.0,46
2013-12-11,10,0.0,61
2013-12-12,9,0.4,68
2013-12-13,8,0.8,78
2013-12-14,9,0.0,60
2013-12-15,10,0.0,57
2013-12-16,10,0.0,70
2013-12-17,7,0.0,78
2013-12-18,7,0.0,85
2013-12-19,7,2.9,81
2013-12-20,7,0.5,69
2013-12-21,7,0.0,71
2013-12-22,9,0.0,41
2013-12-23,10,0.0,37
2013-12-24,11,0.0,52
2013-12-25,11,0.0,51
2013-12-26,10,0.0,41
2013-12-27,10,0.0,32
2013-12-28,11,0.0,27
2013-12-29,10,0.0,39
2013-12-30,9,0.0,44
2013-12-31,9,0.5,27
2014-01-01,11,0.0,38
2014-01-02,10,0.0,51
2014-01-03,9,0.0,70
2014-01-04,9,0.0,53
2014-01-05,10,0.0,21
2014-01-06,9,0.0,20
2014-01-07,7,0.0,45
2014-01-08,7,0.0,54
2014-01-09,8,0.0,35
2014-01-10,10,0.0,20
2014-01-11,8,2.1,44
2014-01-12,8,0.0,59
2014-01-13,9,0.0,67
2014-01-14,11,0.0,62
2014-01-15,10,0.0,40
2014-01-16,10,0.0,43
2014-01-17,10,0.0,35
2014-01-18,9,12.9,44
2014-01-19,9,0.1,43
2014-01-20,9,0.0,57
2014-01-21,10,0.0,62
2014-01-22,11,0.0,51
2014-01-23,12,0.2,31
2014-01-24,10,0.0,22
2014-01-25,10,0.0,30
2014-01-26,11,0.0,30
2014-01-27,10,0.0,25
2014-01-28,10,0.0,50
2014-01-29,11,0.0,47
2014-01-30,11,0.9,29
2014-01-31,11,0.0,40
2014-02-01,11,0.0,43
2014-02-02,12,0.0,35
2014-02-03,12,0.0,30
2014-02-04,12,0.0,30
2014-02-05,12,0.5,31
2014-02-06,11,0.0,45
2014-02-07,11,0.0,33
2014-02-08,11,0.0,24
2014-02-09,12,0.0,17
2014-02-10,11,0.0,22
2014-02-11,8,0.0,24
2014-02-12,9,0.0,32
2014-02-13,10,0.0,38
2014-02-14,8,11.6,66
2014-02-15,8,2.8,55
2014-02-16,5,11.7,76
2014-02-17,8,2.2,59
2014-02-18,10,0.0,58
2014-02-19,10,0.0,58
2014-02-20,12,0.0,34
2014-02-21,12,0.0,29
2014-02-22,10,9.5,60
2014-02-23,12,0.0,27
2014-02-24,12,0.0,35
2014-02-25,12,0.0,36
2014-02-26,12,0.0,24
2014-02-27,11,2.6,29
2014-02-28,12,1.2,30
2014-03-01,11,5.9,56
2014-03-02,11,0.2,29
2014-03-03,12,0.0,22
2014-03-04,12,1.1,26
2014-03-05,12,1.5,27
2014-03-06,13,1.1,21
2014-03-07,13,0.2,22
2014-03-08,14,0.0,28
2014-03-09,14,0.4,34
2014-03-10,13,0.9,31
2014-03-11,14,0.5,25
2014-03-12,14,0.2,24
2014-03-13,15,0.0,33
2014-03-14,16,0.2,43
2014-03-15,16,0.0,53
2014-03-16,17,0.0,47
2014-03-17,17,0.0,50
2014-03-18,17,3.7,38
2014-03-19,17,1.6,27
2014-03-20,15,1.4,33
2014-03-21,15,2.1,39
2014-03-22,13,3.9,44
2014-03-23,14,1.5,49
2014-03-24,15,1.3,40
2014-03-25,16,1.3,37
2014-03-26,16,0.0,36
2014-03-27,18,0.0,25
2014-03-28,19,0.0,25
2014-03-29,20,0.0,22
2014-03-30,20,0.0,17
2014-03-31,19,0.0,13
2014-04-01,18,0.0,14
2014-04-02,18,0.0,16
2014-04-03,16,3.7,24
2014-04-04,17,0.0,38
2014-04-05,18,0.0,54
2014-04-06,18,1.7,60
2014-04-07,19,1.2,50
2014-04-08,20,0.0,27
2014-04-09,21,0.0,17
2014-04-10,20,0.0,16
2014-04-11,20,0.7,20
2014-04-12,18,1.5,20
2014-04-13,18,1.1,27
2014-04-14,19,0.3,28
2014-04-15,20,0.0,23
2014-04-16,20,0.7,24
2014-04-17,20,1.6,25
2014-04-18,21,0.0,20
2014-04-19,20,1.3,24
2014-04-20,21,0.0,20
2014-04-21,21,0.0,14
2014-04-22,22,0.0,14
2014-04-23,22,0.1,14
2014-04-24,22,0.0,20
2014-04-25,22,0.0,26
2014-04-26,23,0.0,22
2014-04-27,22,3.1,21
2014-04-28,23,0.0,26
2014-04-29,24,0.7,29
2014-04-30,24,0.0,34
2014-05-01,22,9.5,44
2014-05-02,20,16.7,51
2014-05-03,19,13.2,54
2014-05-04,19,19.0,61
2014-05-05,19,24.2,55
2014-05-06,19,14.9,63
2014-05-07,20,13.8,58
2014-05-08,21,4.1,54
2014-05-09,23,0.0,39
2014-05-10,24,0.0,25
2014-05-11,22,0.2,26
2014-05-12,23,0.0,29
2014-05-13,23,0.0,28
2014-05-14,23,0.0,23
2014-05-15,22,0.0,24
2014-05-16,23,0.0,24
2014-05-17,24,0.0,24
2014-05-18,23,0.0,36
2014-05-19,22,1.4,51
2014-05-20,22,0.6,50
2014-05-21,24,0.0,28
2014-05-22,23,0.0,27
2014-05-23,24,0.0,33
2014-05-24,23,11.3,48
2014-05-25,22,8.3,48
2014-05-26,21,5.2,61
2014-05-27,19,6.6,74
2014-05-28,20,1.8,60
2014-05-29,20,18.4,65
2014-05-30,22,16.0,69
2014-05-31,21,7.4,72
2014-06-01,21,8.4,61
2014-06-02,21,4.1,60
2014-06-03,21,2.4,64
2014-06-04,22,3.2,58
2014-06-05,23,15.2,59
2014-06-06,23,8.0,62
2014-06-07,23,6.9,65
2014-06-08,23,5.8,66
2014-06-09,23,6.2,63
2014-06-10,22,43.4,57
2014-06-11,23,2.8,54
2014-06-12,24,3.4,41
2014-06-13,24,3.9,41
2014-06-14,23,8.7,53
2014-06-15,22,6.0,68
2014-06-16,24,15.4,69
2014-06-17,23,17.7,78
2014-06-18,23,12.8,73
2014-06-19,23,35.9,77
2014-06-20,22,25.3,81
2014-06-21,21,45.1,87
2014-06-22,22,3.3,78
2014-06-23,22,23.7,70
2014-06-24,23,5.6,66
2014-06-25,23,9.0,69
2014-06-26,23,15.3,66
2014-06-27,23,12.3,75
2014-06-28,22,37.6,83
2014-06-29,22,107.8,77
2014-06-30,22,55.0,80
2014-07-01,21,22.5,82
2014-07-02,21,19.9,74
2014-07-03,21,11.3,80
2014-07-04,20,13.1,85
2014-07-05,21,10.6,86
2014-07-06,21,18.8,83
2014-07-07,21,16.2,81
2014-07-08,22,7.1,81
2014-07-09,21,8.3,82
2014-07-10,21,13.6,81
2014-07-11,21,25.1,81
2014-07-12,21,20.7,78
2014-07-13,22,15.7,73
2014-07-14,22,31.0,81
2014-07-15,21,23.6,85
2014-07-16,22,25.6,80
2014-07-17,21,46.4,82
2014-07-18,22,22.9,81
2014-07-19,21,13.6,86
2014-07-20,21,17.6,79
2014-07-21,22,30.0,80
2014-07-22,22,24.1,83
2014-07-23,20,12.2,89
2014-07-24,19,29.7,91
2014-07-25,21,16.7,82
2014-07-26,22,16.2,78
2014-07-27,21,17.3,75
2014-07-28,22,28.4,79
2014-07-29,21,12.5,78
2014-07-30,22,19.1,79
2014-07-31,22,11.6,80
2014-08-01,22,28.8,79
2014-08-02,22,13.3,78
2014-08-03,21,43.4,85
2014-08-04,21,9.5,82
2014-08-05,22,22.9,84
2014-08-06,22,10.6,85
2014-08-07,21,14.5,85
2014-08-08,21,18.3,86
2014-08-09,21,21.7,85
2014-08-10,22,19.1,85
2014-08-11,21,10.5,88
2014-08-12,21,6.8,87
2014-08-13,21,29.7,91
2014-08-14,20,127.7,95
2014-08-15,19,340.8,91
2014-08-16,20,69.2,84
2014-08-17,20,7.0,87
2014-08-18,21,2.2,87
2014-08-19,21,3.4,86
2014-08-20,20,2.8,88
2014-08-21,20,12.7,91
2014-08-22,21,6.2,85
2014-08-23,21,7.1,85
2014-08-24,20,9.5,83
2014-08-25,21,7.0,85
2014-08-26,20,8.8,85
2014-08-27,20,18.3,85
2014-08-28,21,4.1,82
2014-08-29,21,13.9,79
2014-08-30,21,16.1,78
2014-08-31,21,18.9,83
2014-09-01,20,24.4,84
2014-09-02,21,12.1,81
2014-09-03,21,3.9,83
2014-09-04,20,5.2,81
2014-09-05,20,7.5,79
2014-09-06,20,18.2,81
2014-09-07,20,7.6,83
2014-09-08,20,9.6,88
2014-09-09,20,9.6,86
2014-09-10,20,16.9,84
2014-09-11,19,25.1,86
2014-09-12,20,8.0,82
2014-09-13,19,7.4,84
2014-09-14,18,14.5,82
2014-09-15,19,14.9,79
2014-09-16,19,6.2,85
2014-09-17,20,0.1,82
2014-09-18,21,5.8,82
2014-09-19,20,19.9,85
2014-09-20,19,33.9,90
2014-09-21,20,5.7,88
2014-09-22,19,2.6,83
2014-09-23,18,2.4,91
2014-09-24,19,4.9,85
2014-09-25,19,11.9,83
2014-09-26,18,3.6,75
2014-09-27,18,4.3,87
2014-09-28,18,2.2,85
2014-09-29,18,3.8,76
2014-09-30,17,5.1,75
2014-10-01,18,0.3,73
2014-10-02,18,0.5,72
2014-10-03,18,0.0,77
2014-10-04,18,0.0,84
2014-10-05,18,5.7,80
2014-10-06,19,2.8,67
2014-10-07,19,2.9,63
2014-10-08,19,3.4,60
2014-10-09,18,0.0,57
2014-10-10,18,0.5,62
2014-10-11,18,0.1,56
2014-10-12,18,0.3,63
2014-10-13,17,6.7,74
2014-10-14,15,113.6,85
2014-10-15,17,1.5,71
2014-10-16,17,0.0,66
2014-10-17,17,0.5,63
2014-10-18,16,0.5,62
2014-10-19,15,0.0,69
2014-10-20,15,0.3,75
2014-10-21,16,0.6,70
2014-10-22,16,0.0,75
2014-10-23,16,0.0,78
2014-10-24,15,0.0,80
2014-10-25,15,0.4,70
2014-10-26,14,1.7,63
2014-10-27,14,4.5,72
2014-10-28,13,1.6,72
2014-10-29,14,1.6,75
2014-10-30,14,0.8,79
2014-10-31,15,0.0,75
2014-11-01,15,0.0,70
2014-11-02,15,0.0,63
2014-11-03,15,0.0,60
2014-11-04,15,0.0,62
2014-11-05,15,2.0,67
2014-11-06,14,0.9,75
2014-11-07,15,0.0,76
2014-11-08,15,0.0,75
2014-11-09,15,0.0,69
2014-11-10,15,0.0,58
2014-11-11,15,0.0,54
2014-11-12,16,0.0,50
2014-11-13,14,0.0,66
2014-11-14,13,0.0,75
2014-11-15,13,0.0,78
2014-11-16,13,0.0,73
2014-11-17,13,0.0,73
2014-11-18,12,0.0,78
2014-11-19,12,0.8,76
2014-11-20,11,0.0,78
2014-11-21,12,0.0,80
2014-11-22,12,0.0,69
2014-11-23,11,0.0,54
2014-11-24,11,0.0,63
2014-11-25,11,0.0,69
2014-11-26,10,0.0,77
2014-11-27,10,0.0,81
2014-11-28,10,0.0,79
2014-11-29,10,0.0,79
2014-11-30,12,0.0,86
2014-12-01,12,0.0,82
2014-12-02,12,0.0,79
2014-12-03,12,0.0,78
2014-12-04,12,0.0,74
2014-12-05,12,0.0,65
2014-12-06,12,0.0,67
2014-12-07,11,0.0,73
2014-12-08,11,0.0,55
2014-12-09,12,0.0,30
2014-12-10,11,0.0,25
2014-12-11,10,0.0,36
2014-12-12,10,0.0,41
2014-12-13,11,3.5,40
2014-12-14,9,14.4,86
2014-12-15,10,2.4,40
2014-12-16,7,2.5,49
2014-12-17,7,0.0,48
2014-12-18,9,0.0,51
2014-12-19,10,0.0,61
2014-12-20,9,0.0,65
2014-12-21,9,0.0,59
2014-12-22,9,0.0,53
2014-12-23,9,0.0,37
2014-12-24,8,0.0,42
2014-12-25,9,0.0,59
2014-12-26,9,0.0,55
2014-12-27,8,0.0,61
2014-12-28,8,0.0,58
2014-12-29,10,0.0,44
2014-12-30,10,0.0,29
2014-12-31,11,0.0,22
2015-01-01,11,1.3,37
2015-01-02,11,16.5,76
2015-01-03,12,10.0,60
2015-01-04,10,5.1,41
2015-01-05,9,0.0,58
2015-01-06,9,0.0,74
2015-01-07,7,1.8,63
2015-01-08,8,3.5,58
2015-01-09,8,0.0,40
2015-01-10,10,0.0,53
2015-01-11,10,0.0,61
2015-01-12,10,0.0,61
2015-01-13,9,0.0,60
2015-01-14,9,0.0,45
2015-01-15,8,0.8,33
2015-01-16,7,0.0,39
2015-01-17,7,0.7,48
2015-01-18,8,0.0,41
2015-01-19,7,0.0,47
2015-01-20,8,0.0,48
2015-01-21,9,0.0,45
2015-01-22,10,0.0,30
2015-01-23,11,0.5,39
2015-01-24,9,0.0,26
2015-01-25,9,0.0,38
2015-01-26,9,0.4,52
2015-01-27,10,0.0,33
2015-01-28,8,0.0,15
2015-01-29,8,0.0,23
2015-01-30,7,1.3,32
2015-01-31,6,0.0,51
2015-02-01,9,0.0,59
2015-02-02,10,0.0,38
2015-02-03,12,0.0,29
2015-02-04,11,0.0,34
2015-02-05,10,0.0,56
2015-02-06,9,0.0,61
2015-02-07,11,0.0,38
2015-02-08,11,0.5,22
2015-02-09,12,0.0,32
2015-02-10,11,0.0,36
2015-02-11,9,0.0,48
2015-02-12,9,2.8,48
2015-02-13,8,0.1,56
2015-02-14,8,0.2,72
2015-02-15,8,5.1,78
2015-02-16,11,0.0,70
2015-02-17,11,0.4,58
2015-02-18,10,8.9,54
2015-02-19,10,3.0,52
2015-02-20,11,0.3,54
2015-02-21,12,0.6,58
2015-02-22,14,0.0,60
2015-02-23,14,0.1,70
2015-02-24,14,0.1,72
2015-02-25,14,0.2,53
2015-02-26,12,4.9,45
2015-02-27,13,1.1,35
2015-02-28,14,0.0,25
2015-03-01,12,20.1,58
2015-03-02,10,20.7,83
2015-03-03,11,4.7,48
2015-03-04,10,3.0,43
2015-03-05,11,0.0,45
2015-03-06,12,0.0,41
2015-03-07,12,0.4,45
2015-03-08,14,0.0,28
2015-03-09,14,0.0,16
2015-03-10,12,0.0,27
2015-03-11,15,0.0,33
2015-03-12,15,0.0,29
2015-03-13,15,0.9,37
2015-03-14,15,0.3,36
2015-03-15,14,2.3,35
2015-03-16,14,1.4,38
2015-03-17,15,0.4,43
2015-03-18,14,1.4,42
2015-03-19,13,0.0,49
2015-03-20,16,0.0,43
2015-03-21,17,0.0,42
2015-03-22,17,0.0,47
2015-03-23,16,4.9,53
2015-03-24,17,2.0,57
2015-03-25,18,0.7,53
2015-03-26,18,1.6,52
2015-03-27,16,27.1,69
2015-03-28,16,3.3,76
2015-03-29,17,4.1,69
2015-03-30,14,22.5,61
2015-03-31,15,0.7,63
2015-04-01,16,0.2,56
2015-04-02,17,5.0,56
2015-04-03,16,12.4,60
2015-04-04,16,3.6,43
2015-04-05,18,0.0,31
2015-04-06,17,0.0,29
2015-04-07,18,0.4,32
2015-04-08,18,0.0,30
2015-04-09,18,0.0,28
2015-04-10,19,0.0,31
2015-04-11,19,0.0,28
2015-04-12,18,3.5,30
2015-04-13,17,12.3,40
2015-04-14,18,0.5,34
2015-04-15,18,1.3,38
2015-04-16,19,1.7,51
2015-04-17,17,29.0,66
2015-04-18,15,24.3,76
2015-04-19,18,0.2,63
2015-04-20,18,10.0,72
2015-04-21,19,11.3,68
2015-04-22,19,1.9,58
2015-04-23,20,0.8,38
2015-04-24,19,9.8,44
2015-04-25,15,18.6,69
2015-04-26,15,7.1,70
2015-04-27,16,0.1,76
2015-04-28,18,10.7,42
2015-04-29,16,18.4,67
2015-04-30,17,1.2,73
2015-05-01,19,2.2,63
2015-05-02,19,1.3,49
2015-05-03,20,0.3,31
2015-05-04,20,0.0,21
2015-05-05,21,0.0,22
2015-05-06,21,1.0,31
2015-05-07,21,9.6,43
2015-05-08,20,1.6,62
2015-05-09,19,19.1,74
2015-05-10,20,7.3,66
2015-05-11,19,7.4,62
2015-05-12,20,5.0,59
2015-05-13,21,1.2,63
2015-05-14,23,1.2,44
2015-05-15,22,1.4,41
2015-05-16,21,10.3,44
2015-05-17,20,8.6,64
2015-05-18,19,15.6,74
2015-05-19,20,5.8,77
2015-05-20,21,4.6,70
2015-05-21,21,3.8,50
2015-05-22,22,0.7,41
2015-05-23,23,1.2,39
2015-05-24,23,0.5,33
2015-05-25,23,1.3,52
2015-05-26,21,4.3,59
2015-05-27,21,5.7,63
2015-05-28,21,5.8,65
2015-05-29,21,6.4,70
2015-05-30,21,2.9,68
2015-05-31,22,2.2,57
2015-06-01,23,0.1,43
2015-06-02,23,1.4,39
2015-06-03,24,0.3,43
2015-06-04,23,14.7,57
2015-06-05,23,3.9,60
2015-06-06,24,0.5,49
2015-06-07,25,0.0,40
2015-06-08,24,0.0,53
2015-06-09,25,1.1,47
2015-06-10,23,16.3,55
2015-06-11,21,14.3,75
2015-06-12,20,23.5,76
2015-06-13,21,12.6,67
2015-06-14,21,17.6,76
2015-06-15,20,8.8,72
2015-06-16,21,3.9,78
2015-06-17,22,8.8,75
2015-06-18,22,5.6,78
2015-06-19,21,37.4,80
2015-06-20,21,10.6,78
2015-06-21,22,13.5,80
2015-06-22,21,27.0,81
2015-06-23,21,31.5,82
2015-06-24,21,9.2,81
2015-06-25,21,4.9,89
2015-06-26,22,7.1,84
2015-06-27,20,13.8,81
2015-06-28,20,31.4,87
2015-06-29,20,3.8,85
2015-06-30,22,13.7,77
2015-07-01,20,20.0,87
2015-07-02,21,9.6,83
2015-07-03,22,9.3,83
2015-07-04,23,8.6,80
2015-07-05,21,59.3,90
2015-07-06,20,25.9,89
2015-07-07,22,22.3,80
2015-07-08,21,16.0,83
2015-07-09,22,31.3,80
2015-07-10,21,20.3,91
2015-07-11,21,11.1,87
2015-07-12,21,8.2,87
2015-07-13,22,5.2,85
2015-07-14,23,16.8,89
2015-07-15,22,52.3,90
2015-07-16,22,57.6,94
2015-07-17,21,40.2,90
2015-07-18,21,21.3,85
2015-07-19,21,47.7,88
2015-07-20,21,37.6,87
2015-07-21,20,26.5,89
2015-07-22,21,18.6,90
2015-07-23,21,21.5,90
2015-07-24,21,25.5,90
2015-07-25,21,20.0,86
2015-07-26,22,13.1,80
2015-07-27,23,12.1,72
2015-07-28,21,15.1,84
2015-07-29,22,23.3,85
2015-07-30,22,24.8,84
2015-07-31,20,20.6,87
2015-08-01,20,5.0,85
2015-08-02,20,18.9,85
2015-08-03,21,9.4,86
2015-08-04,20,7.5,90
2015-08-05,20,23.1,88
2015-08-06,20,61.2,91
2015-08-07,20,14.6,87
2015-08-08,20,16.5,89
2015-08-09,21,13.9,89
2015-08-10,21,38.9,83
2015-08-11,20,27.8,82
2015-08-12,22,10.1,83
2015-08-13,21,15.3,88
2015-08-14,21,23.2,90
2015-08-15,20,27.6,92
2015-08-16,21,11.1,89
2015-08-17,20,22.6,92
2015-08-18,20,11.6,89
2015-08-19,20,28.4,91
2015-08-20,20,35.7,93
2015-08-21,19,30.0,95
2015-08-22,19,15.2,92
2015-08-23,20,11.9,88
2015-08-24,20,6.0,89
2015-08-25,21,5.0,88
2015-08-26,21,4.7,88
2015-08-27,21,21.4,88
2015-08-28,21,14.3,88
2015-08-29,21,9.2,87
2015-08-30,20,6.8,86
2015-08-31,20,13.1,84
2015-09-01,20,4.1,86
2015-09-02,21,4.3,78
2015-09-03,20,5.0,81
2015-09-04,20,4.6,71
2015-09-05,20,2.3,84
2015-09-06,20,2.1,84
2015-09-07,20,0.7,77
2015-09-08,20,2.0,79
2015-09-09,20,3.2,82
2015-09-10,20,10.9,81
2015-09-11,19,18.6,86
2015-09-12,19,24.7,88
2015-09-13,21,17.0,79
2015-09-14,20,10.5,80
2015-09-15,20,11.3,80
2015-09-16,20,13.7,73
2015-09-17,20,12.8,81
2015-09-18,20,2.6,81
2015-09-19,20,13.9,82
2015-09-20,20,10.7,85
2015-09-21,19,63.5,93
2015-09-22,19,19.5,87
2015-09-23,19,7.1,92
2015-09-24,19,5.2,91
2015-09-25,18,0.1,88
2015-09-26,18,0.0,79
2015-09-27,19,0.1,79
2015-09-28,18,0.5,80
2015-09-29,19,0.7,78
2015-09-30,19,0.8,77
2015-10-01,20,0.0,80
2015-10-02,20,1.6,73
2015-10-03,19,0.1,65
2015-10-04,18,0.0,62
2015-10-05,19,0.0,57
2015-10-06,19,0.0,61
2015-10-07,20,0.2,55
2015-10-08,19,0.0,57
2015-10-09,18,0.2,48
2015-10-10,17,1.2,60
2015-10-11,15,6.5,78
2015-10-12,16,5.2,82
2015-10-13,16,9.3,78
2015-10-14,16,17.0,76
2015-10-15,15,9.4,79
2015-10-16,15,6.9,75
2015-10-17,15,0.7,84
2015-10-18,16,0.0,83
2015-10-19,16,0.0,82
2015-10-20,15,1.6,80
2015-10-21,16,0.3,69
2015-10-22,16,0.7,66
2015-10-23,16,1.5,57
2015-10-24,15,0.3,63
2015-10-25,16,0.2,66
2015-10-26,15,0.0,63
2015-10-27,16,0.0,60
2015-10-28,13,3.3,53
2015-10-29,12,12.8,66
2015-10-30,14,0.0,63
2015-10-31,14,0.0,61
2015-11-01,15,0.1,66
2015-11-02,14,5.7,70
2015-11-03,13,0.0,72
2015-11-04,14,0.0,70
2015-11-05,12,0.0,63
2015-11-06,12,0.3,55
2015-11-07,13,0.0,59
2015-11-08,13,0.0,60
2015-11-09,14,0.0,51
2015-11-10,15,0.0,44
2015-11-11,13,0.1,48
2015-11-12,13,0.0,65
2015-11-13,13,0.0,76
2015-11-14,12,0.0,80
2015-11-15,12,1.0,82
2015-11-16,13,0.3,72
2015-11-17,12,0.9,66
2015-11-18,12,0.0,60
2015-11-19,14,0.0,65
2015-11-20,14,0.0,68
2015-11-21,14,0.0,69
2015-11-22,14,0.0,67
2015-11-23,14,0.0,70
2015-11-24,14,0.0,67
2015-11-25,12,0.0,74
2015-11-26,13,0.0,77
2015-11-27,11,0.1,73
2015-11-28,12,0.0,68
2015-11-29,12,0.0,67
2015-11-30,14,0.0,56
2015-12-01,13,0.0,64
2015-12-02,12,0.2,59
2015-12-03,11,3.0,47
2015-12-04,11,0.0,62
2015-12-05,10,0.0,78
2015-12-06,10,0.0,87
2015-12-07,11,0.0,85
2015-12-08,10,0.1,89
2015-12-09,10,0.0,88
2015-12-10,11,0.0,71
2015-12-11,12,0.0,46
2015-12-12,11,0.6,48
2015-12-13,10,0.0,62
2015-12-14,10,0.0,49
2015-12-15,8,0.0,57
2015-12-16,6,0.0,75
2015-12-17,8,0.0,61
2015-12-18,8,0.0,51
2015-12-19,8,0.0,57
2015-12-20,8,0.0,58
2015-12-21,6,0.0,53
2015-12-22,7,0.0,47
2015-12-23,7,0.0,33
2015-12-24,6,0.0,34
2015-12-25,6,0.0,46
2015-12-26,9,0.0,46
2015-12-27,10,0.0,51
2015-12-28,10,0.0,47
2015-12-29,9,0.0,53
2015-12-30,10,0.0,62
2015-12-31,10,0.3,47
2016-01-01,10,0.0,53
2016-01-02,10,0.3,59
2016-01-03,10,0.9,62
2016-01-04,9,0.0,51
2016-01-05,11,0.0,53
2016-01-06,9,0.0,59
2016-01-07,11,0.0,54
2016-01-08,11,1.8,41
2016-01-09,8,0.0,44
2016-01-10,9,0.0,63
2016-01-11,9,0.0,77
2016-01-12,9,0.0,75
2016-01-13,10,0.0,64
2016-01-14,9,0.1,60
2016-01-15,8,0.1,48
2016-01-16,8,0.0,47
2016-01-17,8,0.0,58
2016-01-18,9,0.0,34
2016-01-19,8,2.1,40
2016-01-20,7,1.4,74
2016-01-21,6,0.9,75
2016-01-22,5,0.0,78
2016-01-23,6,0.0,72
2016-01-24,5,0.1,69
2016-01-25,5,0.4,64
2016-01-26,5,0.0,73
2016-01-27,5,0.6,68
2016-01-28,6,0.0,64
2016-01-29,6,0.0,70
2016-01-30,9,0.0,65
2016-01-31,9,0.5,66
2016-02-01,10,0.0,59
2016-02-02,10,0.0,53
2016-02-03,10,0.0,52
2016-02-04,11,0.0,55
2016-02-05,11,0.0,53
2016-02-06,10,0.0,48
2016-02-07,11,0.2,49
2016-02-08,8,10.7,50
2016-02-09,8,0.0,62
2016-02-10,9,0.0,67
2016-02-11,10,0.0,42
2016-02-12,10,0.0,27
2016-02-13,12,0.0,19
2016-02-14,11,0.0,17
2016-02-15,13,0.0,14
2016-02-16,13,0.0,16
2016-02-17,14,0.0,20
2016-02-18,15,0.0,30
2016-02-19,15,0.0,44
2016-02-20,15,0.0,61
2016-02-21,15,0.0,48
2016-02-22,14,0.0,54
2016-02-23,13,0.0,48
2016-02-24,12,0.5,39
2016-02-25,13,0.0,37
2016-02-26,13,0.4,33
2016-02-27,13,0.6,35
2016-02-28,12,3.6,55
2016-02-29,12,2.3,54
2016-03-01,14,1.3,43
2016-03-02,15,0.1,45
2016-03-03,15,0.2,38
2016-03-04,15,1.6,37
2016-03-05,16,0.7,31
2016-03-06,15,0.8,21
2016-03-07,16,0.2,22
2016-03-08,16,0.0,24
2016-03-09,16,0.0,25
2016-03-10,16,0.0,26
2016-03-11,17,0.0,29
2016-03-12,17,0.2,21
2016-03-13,14,2.4,34
2016-03-14,13,3.9,37
2016-03-15,13,0.4,34
2016-03-16,14,0.0,27
2016-03-17,15,0.4,37
2016-03-18,17,0.0,34
2016-03-19,17,0.0,33
2016-03-20,17,0.0,36
2016-03-21,18,0.0,27
2016-03-22,17,0.1,20
2016-03-23,18,0.0,27
2016-03-24,18,0.0,33
2016-03-25,18,0.0,34
2016-03-26,19,0.0,34
2016-03-27,18,15.5,24
2016-03-28,16,18.1,40
2016-03-29,17,0.0,37
2016-03-30,18,3.6,42
2016-03-31,15,20.1,55
2016-04-01,16,1.5,58
2016-04-02,15,1.7,74
2016-04-03,17,0.5,78
2016-04-04,18,7.7,73
2016-04-05,20,1.7,41
2016-04-06,20,1.0,25
2016-04-07,20,0.0,28
2016-04-08,21,0.3,24
2016-04-09,21,0.0,19
2016-04-10,21,0.0,16
2016-04-11,22,0.0,21
2016-04-12,21,0.0,23
2016-04-13,19,0.2,32
2016-04-14,19,1.0,34
2016-04-15,19,0.0,37
2016-04-16,20,1.6,41
2016-04-17,19,1.4,46
2016-04-18,19,5.6,45
2016-04-19,20,0.0,44
2016-04-20,20,1.3,45
2016-04-21,23,0.0,32
2016-04-22,22,0.0,39
2016-04-23,21,1.4,34
2016-04-24,21,0.0,20
2016-04-25,22,0.0,16
2016-04-26,22,0.0,14
2016-04-27,22,0.0,16
2016-04-28,22,0.0,17
2016-04-29,23,0.0,13
2016-04-30,22,0.0,12
2016-05-01,22,0.0,17
2016-05-02,22,1.3,35
2016-05-03,20,13.5,51
2016-05-04,19,25.9,64
2016-05-05,18,8.0,67
2016-05-06,19,2.3,62
2016-05-07,18,11.0,58
2016-05-08,18,22.8,61
2016-05-09,18,19.3,75
2016-05-10,20,18.2,68
2016-05-11,20,13.9,63
2016-05-12,19,25.9,68
2016-05-13,19,31.9,76
2016-05-14,20,28.3,77
2016-05-15,20,7.0,69
2016-05-16,21,5.5,67
2016-05-17,22,13.0,50
2016-05-18,23,1.2,50
2016-05-19,21,3.4,62
2016-05-20,20,14.5,60
2016-05-21,20,6.9,58
2016-05-22,21,2.1,73
2016-05-23,21,26.1,78
2016-05-24,21,23.2,68
2016-05-25,19,5.7,59
2016-05-26,19,13.9,54
2016-05-27,18,23.1,69
2016-05-28,16,47.2,85
2016-05-29,18,10.9,71
2016-05-30,18,8.7,67
2016-05-31,19,11.4,65
2016-06-01,20,9.7,66
2016-06-02,20,7.0,81
2016-06-03,21,11.3,75
2016-06-04,22,12.4,75
2016-06-05,21,17.2,79
2016-06-06,21,17.0,81
2016-06-07,21,8.9,78
2016-06-08,21,7.2,76
2016-06-09,22,6.8,70
2016-06-10,22,4.9,56
2016-06-11,22,11.8,65
2016-06-12,22,11.1,69
2016-06-13,21,19.3,79
2016-06-14,21,26.7,84
2016-06-15,20,20.2,78
2016-06-16,21,70.8,70
2016-06-17,22,16.8,82
2016-06-18,22,24.8,87
2016-06-19,22,34.1,90
2016-06-20,21,19.8,90
2016-06-21,21,48.2,89
2016-06-22,20,32.4,90
2016-06-23,20,21.4,89
2016-06-24,21,17.9,89
2016-06-25,21,15.7,87
2016-06-26,21,27.2,86
2016-06-27,22,28.4,86
2016-06-28,22,29.0,87
2016-06-29,22,29.2,87
2016-06-30,21,39.4,91
2016-07-01,20,75.7,95
2016-07-02,20,49.5,91
2016-07-03,21,10.7,86
2016-07-04,21,13.8,87
2016-07-05,21,44.1,88
2016-07-06,22,15.6,90
2016-07-07,23,33.9,87
2016-07-08,21,17.8,90
2016-07-09,22,16.0,88
2016-07-10,22,20.4,89
2016-07-11,21,52.5,92
2016-07-12,21,46.2,89
2016-07-13,22,13.0,90
2016-07-14,23,66.0,90
2016-07-15,22,75.7,92
2016-07-16,21,48.0,93
2016-07-17,20,52.6,94
2016-07-18,20,33.9,85
2016-07-19,20,13.5,87
2016-07-20,21,33.4,85
2016-07-21,20,8.4,86
2016-07-22,20,17.0,88
2016-07-23,20,36.7,88
2016-07-24,20,10.9,88
2016-07-25,20,48.2,86
2016-07-26,20,20.6,86
2016-07-27,20,12.7,85
2016-07-28,20,33.6,89
2016-07-29,19,75.1,94
2016-07-30,20,45.2,92
2016-07-31,20,36.1,87
2016-08-01,21,14.2,81
2016-08-02,21,19.2,81
2016-08-03,22,20.8,80
2016-08-04,22,22.6,82
2016-08-05,22,20.7,87
2016-08-06,21,26.5,86
2016-08-07,21,10.7,89
2016-08-08,21,10.9,88
2016-08-09,21,24.9,87
2016-08-10,21,25.2,88
2016-08-11,21,7.2,84
2016-08-12,21,19.4,86
2016-08-13,22,13.0,87
2016-08-14,22,7.4,86
2016-08-15,22,31.5,83
2016-08-16,22,27.6,83
2016-08-17,21,28.4,76
2016-08-18,21,22.8,87
2016-08-19,21,15.4,86
2016-08-20,21,2.4,87
2016-08-21,22,20.2,84
2016-08-22,20,26.5,89
2016-08-23,20,8.7,88
2016-08-24,20,12.3,86
2016-08-25,22,14.7,74
2016-08-26,22,19.3,77
2016-08-27,23,13.4,70
2016-08-28,21,3.3,77
2016-08-29,21,12.2,84
2016-08-30,20,13.1,88
2016-08-31,21,19.5,82
2016-09-01,21,9.7,86
2016-09-02,21,19.9,88
2016-09-03,20,48.2,94
2016-09-04,20,82.1,91
2016-09-05,20,20.2,91
2016-09-06,19,27.4,88
2016-09-07,19,32.1,87
2016-09-08,20,23.0,87
2016-09-09,19,8.2,84
2016-09-10,20,29.1,90
2016-09-11,20,41.6,93
2016-09-12,18,30.9,92
2016-09-13,18,26.4,89
2016-09-14,19,12.0,86
2016-09-15,20,16.3,88
2016-09-16,19,23.8,87
2016-09-17,19,9.1,88
2016-09-18,19,4.8,90
2016-09-19,19,13.1,87
2016-09-20,19,33.7,88
2016-09-21,18,46.7,91
2016-09-22,18,35.9,86
2016-09-23,18,4.8,86
2016-09-24,17,16.9,88
2016-09-25,17,19.2,87
2016-09-26,17,4.1,90
2016-09-27,18,4.8,84
2016-09-28,18,4.8,88
2016-09-29,19,12.9,82
2016-09-30,20,5.4,83
2016-10-01,20,34.6,87
2016-10-02,19,29.7,88
2016-10-03,19,13.1,83
2016-10-04,19,13.3,83
2016-10-05,19,16.1,84
2016-10-06,18,5.5,81
2016-10-07,18,9.0,78
2016-10-08,18,15.3,84
2016-10-09,17,8.8,87
2016-10-10,17,14.3,78
2016-10-11,17,1.7,69
2016-10-12,17,3.5,73
2016-10-13,17,0.8,83
2016-10-14,16,5.7,89
2016-10-15,16,0.6,85
2016-10-16,16,2.3,83
2016-10-17,17,0.7,72
2016-10-18,16,0.3,70
2016-10-19,16,0.0,74
2016-10-20,16,0.1,77
2016-10-21,16,0.0,74
2016-10-22,15,1.3,79
2016-10-23,15,0.8,80
2016-10-24,15,0.1,80
2016-10-25,16,0.0,73
2016-10-26,16,0.5,61
2016-10-27,16,0.0,43
2016-10-28,16,0.0,53
2016-10-29,16,0.0,54
2016-10-30,16,0.0,41
2016-10-31,16,0.0,49
2016-11-01,16,0.0,48
2016-11-02,15,0.2,48
2016-11-03,16,0.0,32
2016-11-04,16,0.0,35
2016-11-05,16,0.0,49
2016-11-06,15,0.0,57
2016-11-07,15,0.0,53
2016-11-08,14,0.0,57
2016-11-09,14,0.0,73
2016-11-10,15,0.0,86
2016-11-11,14,0.0,85
2016-11-12,14,0.0,72
2016-11-13,14,0.0,49
2016-11-14,13,0.0,35
2016-11-15,13,0.0,41
2016-11-16,12,0.0,44
2016-11-17,12,0.0,49
2016-11-18,13,0.0,56
2016-11-19,12,0.0,65
2016-11-20,11,0.0,70
2016-11-21,12,0.0,72
2016-11-22,12,0.0,75
2016-11-23,12,0.0,75
2016-11-24,12,0.0,74
2016-11-25,12,0.0,74
2016-11-26,13,0.0,80
2016-11-27,12,0.0,80
2016-11-28,12,0.0,84
2016-11-29,12,0.0,85
2016-11-30,12,0.0,86
2016-12-01,13,0.0,84
2016-12-02,11,0.0,80
2016-12-03,12,0.1,72
2016-12-04,13,0.0,64
2016-12-05,14,0.0,65
2016-12-06,13,0.0,62
2016-12-07,13,0.0,58
2016-12-08,12,0.0,48
2016-12-09,14,0.0,49
2016-12-10,14,0.0,50
2016-12-11,13,0.0,47
2016-12-12,10,0.0,48
2016-12-13,11,0.0,46
2016-12-14,10,0.0,42
2016-12-15,9,0.0,48
2016-12-16,10,0.0,59
2016-12-17,10,0.0,62
2016-12-18,10,0.0,68
2016-12-19,10,0.0,78
2016-12-20,9,0.0,76
2016-12-21,10,0.0,70
2016-12-22,10,0.0,79
2016-12-23,11,0.0,83
2016-12-24,10,0.0,80
2016-12-25,11,1.3,66
2016-12-26,10,1.0,53
2016-12-27,10,0.0,63
2016-12-28,9,0.0,68
2016-12-29,10,0.0,62
2016-12-30,11,0.0,56
2016-12-31,10,0.0,41
2017-01-01,9,3.0,44
2017-01-02,9,2.8,43
2017-01-03,10,1.6,36
2017-01-04,10,0.0,33
2017-01-05,9,0.4,30
2017-01-06,9,0.0,33
2017-01-07,9,0.0,26
2017-01-08,8,0.2,28
2017-01-09,8,0.0,29
2017-01-10,7,0.3,28
2017-01-11,7,0.2,39
2017-01-12,5,0.0,39
2017-01-13,6,0.0,34
2017-01-14,8,0.0,21
2017-01-15,9,0.0,23
2017-01-16,9,0.0,22
2017-01-17,9,0.0,21
2017-01-18,9,0.0,20
2017-01-19,11,0.0,15
2017-01-20,11,0.0,23
2017-01-21,10,0.0,37
2017-01-22,10,0.0,36
2017-01-23,11,0.0,40
2017-01-24,11,0.0,50
2017-01-25,11,0.0,47
2017-01-26,12,0.3,40
2017-01-27,10,8.8,40
2017-01-28,9,0.9,56
2017-01-29,9,0.0,63
2017-01-30,9,0.0,72
2017-01-31,9,0.0,67
2017-02-01,8,0.0,61
2017-02-02,8,0.4,68
2017-02-03,10,0.0,68
2017-02-04,12,0.0,62
2017-02-05,12,0.0,42
2017-02-06,12,0.0,21
2017-02-07,12,0.0,38
2017-02-08,14,0.0,42
2017-02-09,12,0.5,18
2017-02-10,12,0.0,27
2017-02-11,11,0.0,38
2017-02-12,10,0.0,36
2017-02-13,10,0.0,36
2017-02-14,11,0.0,48
2017-02-15,11,0.0,53
2017-02-16,12,0.0,54
2017-02-17,14,0.0,57
2017-02-18,14,0.0,63
2017-02-19,14,0.1,69
2017-02-20,13,3.0,73
2017-02-21,15,0.0,43
2017-02-22,15,0.0,34
2017-02-23,14,0.0,22
2017-02-24,13,0.0,35
2017-02-25,12,0.0,52
2017-02-26,12,0.0,48
2017-02-27,12,0.0,50
2017-02-28,13,0.0,47
2017-03-01,14,0.0,38
2017-03-02,14,0.2,30
2017-03-03,14,0.2,28
2017-03-04,15,0.0,19
2017-03-05,15,0.2,22
2017-03-06,15,0.2,16
2017-03-07,14,0.0,18
2017-03-08,14,0.0,17
2017-03-09,12,1.3,39
2017-03-10,9,10.4,67
2017-03-11,8,16.4,67
2017-03-12,8,0.2,41
2017-03-13,10,0.0,50
2017-03-14,11,0.0,44
2017-03-15,13,0.0,41
2017-03-16,13,0.0,43
2017-03-17,11,4.0,48
2017-03-18,13,4.5,40
2017-03-19,13,0.0,42
2017-03-20,12,6.0,55
2017-03-21,14,0.0,58
2017-03-22,15,0.0,66
2017-03-23,16,0.0,72
2017-03-24,15,5.1,71
2017-03-25,16,1.4,63
2017-03-26,16,4.4,73
2017-03-27,16,6.7,77
2017-03-28,17,8.8,80
2017-03-29,17,27.6,85
2017-03-30,17,10.4,81
2017-03-31,17,12.5,85
2017-04-01,16,10.4,70
2017-04-02,18,6.3,55
2017-04-03,17,5.5,48
2017-04-04,17,5.2,60
2017-04-05,17,4.9,68
2017-04-06,19,0.0,54
2017-04-07,20,0.0,35
2017-04-08,19,0.0,21
2017-04-09,18,0.0,15
2017-04-10,19,0.0,16
2017-04-11,19,0.0,19
2017-04-12,20,0.0,23
2017-04-13,20,0.0,28
2017-04-14,19,2.4,42
2017-04-15,17,17.0,55
2017-04-16,19,0.0,57
2017-04-17,19,0.0,66
2017-04-18,19,0.1,66
2017-04-19,18,38.2,76
2017-04-20,18,15.5,75
2017-04-21,18,22.9,82
2017-04-22,18,26.5,83
2017-04-23,18,14.9,80
2017-04-24,18,12.1,69
2017-04-25,20,0.0,47
2017-04-26,20,0.0,34
2017-04-27,19,0.0,29
2017-04-28,20,0.0,35
2017-04-29,19,2.9,43
2017-04-30,20,2.3,40
2017-05-01,18,10.2,42
2017-05-02,19,0.2,37
2017-05-03,19,1.8,50
2017-05-04,19,6.1,52
2017-05-05,20,1.4,52
2017-05-06,20,11.3,54
2017-05-07,21,7.3,59
2017-05-08,20,15.1,67
2017-05-09,19,20.2,64
2017-05-10,19,4.2,66
2017-05-11,18,22.2,73
2017-05-12,19,14.9,76
2017-05-13,19,14.9,72
2017-05-14,19,20.1,75
2017-05-15,19,22.9,72
2017-05-16,20,13.9,73
2017-05-17,19,9.6,72
2017-05-18,20,1.7,60
2017-05-19,21,6.0,61
2017-05-20,21,0.8,55
2017-05-21,21,6.7,53
2017-05-22,23,2.1,47
2017-05-23,24,0.6,43
2017-05-24,22,2.9,47
2017-05-25,23,8.4,56
2017-05-26,21,21.7,62
2017-05-27,17,73.2,76
2017-05-28,19,15.9,70
2017-05-29,21,7.3,63
2017-05-30,20,19.6,71
2017-05-31,21,9.9,72
2017-06-01,22,3.5,71
2017-06-02,21,3.9,60
2017-06-03,21,3.8,57
2017-06-04,24,1.1,58
2017-06-05,23,35.3,74
2017-06-06,20,24.5,79
2017-06-07,20,9.4,81
2017-06-08,21,19.8,81
2017-06-09,21,13.8,77
2017-06-10,21,7.6,73
2017-06-11,22,5.3,67
2017-06-12,22,3.6,65
2017-06-13,23,0.1,63
2017-06-14,23,10.6,68
2017-06-15,21,9.2,75
2017-06-16,21,7.8,77
2017-06-17,21,6.3,78
2017-06-18,21,3.6,79
2017-06-19,22,24.6,81
2017-06-20,21,26.0,87
2017-06-21,20,39.8,92
2017-06-22,21,16.1,86
2017-06-23,21,9.8,84
2017-06-24,22,22.7,79
2017-06-25,21,35.2,84
2017-06-26,23,28.5,84
2017-06-27,22,34.4,84
2017-06-28,22,27.3,84
2017-06-29,21,25.6,85
2017-06-30,21,38.9,88
2017-07-01,21,35.8,91
2017-07-02,22,43.0,91
2017-07-03,22,49.1,90
2017-07-04,21,80.7,93
2017-07-05,21,35.9,91
2017-07-06,21,20.7,90
2017-07-07,21,25.8,90
2017-07-08,22,38.9,90
2017-07-09,21,131.8,94
2017-07-10,20,68.7,93
2017-07-11,19,24.2,94
2017-07-12,21,8.3,88
2017-07-13,21,8.3,87
2017-07-14,22,16.0,88
2017-07-15,21,31.6,89
2017-07-16,21,14.8,85
2017-07-17,23,20.3,75
2017-07-18,23,33.5,77
2017-07-19,23,25.9,83
2017-07-20,22,18.1,84
2017-07-21,21,11.4,87
2017-07-22,21,13.3,83
2017-07-23,21,24.7,87
2017-07-24,21,24.3,87
2017-07-25,20,17.5,88
2017-07-26,20,6.5,89
2017-07-27,21,4.2,87
2017-07-28,21,24.5,88
2017-07-29,21,42.1,89
2017-07-30,20,51.5,90
2017-07-31,21,10.4,85
2017-08-01,21,37.7,89
2017-08-02,21,40.5,88
2017-08-03,21,44.3,90
2017-08-04,21,95.1,90
2017-08-05,22,26.3,86
2017-08-06,22,31.9,86
2017-08-07,22,27.0,90
2017-08-08,21,16.6,91
2017-08-09,20,63.3,92
2017-08-10,20,63.8,94
2017-08-11,20,109.0,93
2017-08-12,20,247.0,95
2017-08-13,19,215.7,96
2017-08-14,20,39.8,93
2017-08-15,20,2.7,90
2017-08-16,21,8.6,90
2017-08-17,21,38.9,91
2017-08-18,21,37.7,92
2017-08-19,20,13.1,90
2017-08-20,21,19.8,90
2017-08-21,21,42.4,92
2017-08-22,20,21.9,90
2017-08-23,21,26.0,84
2017-08-24,22,27.3,82
2017-08-25,21,18.0,82
2017-08-26,22,35.2,85
2017-08-27,20,38.0,91
2017-08-28,21,16.9,84
2017-08-29,21,14.9,87
2017-08-30,21,24.0,88
2017-08-31,20,31.3,89
2017-09-01,20,32.6,91
2017-09-02,19,17.9,89
2017-09-03,20,10.5,88
2017-09-04,20,8.9,89
2017-09-05,21,8.8,86
2017-09-06,20,15.6,86
2017-09-07,21,11.6,84
2017-09-08,21,2.9,82
2017-09-09,21,5.5,85
2017-09-10,20,24.2,89
2017-09-11,20,20.2,87
2017-09-12,20,14.4,88
2017-09-13,20,11.5,86
2017-09-14,20,2.1,85
2017-09-15,20,2.1,85
2017-09-16,22,6.8,83
2017-09-17,22,42.4,78
2017-09-18,21,16.7,85
2017-09-19,22,14.0,78
2017-09-20,20,31.4,90
2017-09-21,19,38.3,92
2017-09-22,19,19.8,87
2017-09-23,20,1.3,80
2017-09-24,20,4.2,86
2017-09-25,20,1.5,86
2017-09-26,20,3.4,83
2017-09-27,20,6.3,85
2017-09-28,20,14.3,85
2017-09-29,20,16.1,85
2017-09-30,19,5.8,89
2017-10-01,19,4.1,86
2017-10-02,19,1.3,84
2017-10-03,19,1.6,81
2017-10-04,21,4.8,83
2017-10-05,21,10.0,81
2017-10-06,19,2.1,84
2017-10-07,21,2.0,79
2017-10-08,19,1.6,76
2017-10-09,19,5.0,70
2017-10-10,19,2.5,68
2017-10-11,18,9.0,72
2017-10-12,20,2.4,61
2017-10-13,19,3.3,67
2017-10-14,18,1.2,69
2017-10-15,18,0.2,69
2017-10-16,18,0.6,70
2017-10-17,18,0.0,67
2017-10-18,20,0.0,61
2017-10-19,19,0.0,62
2017-10-20,19,1.7,68
2017-10-21,18,3.4,76
2017-10-22,17,3.0,84
2017-10-23,17,2.3,68
2017-10-24,17,0.7,50
2017-10-25,16,0.0,56
2017-10-26,15,0.0,72
2017-10-27,16,0.0,71
2017-10-28,15,4.3,67
2017-10-29,15,6.7,58
2017-10-30,15,3.7,57
2017-10-31,14,1.5,75
2017-11-01,14,0.0,80
2017-11-02,16,0.0,73
2017-11-03,15,0.0,61
2017-11-04,14,0.2,52
2017-11-05,15,0.0,55
2017-11-06,16,0.0,61
2017-11-07,15,0.0,65
2017-11-08,15,0.4,57
2017-11-09,15,0.7,52
2017-11-10,15,0.0,45
2017-11-11,16,0.0,52
2017-11-12,16,0.0,58
2017-11-13,15,0.0,65
2017-11-14,15,0.0,58
2017-11-15,16,0.0,50
2017-11-16,14,0.3,56
2017-11-17,16,3.2,42
2017-11-18,14,0.0,31
2017-11-19,14,0.0,22
2017-11-20,14,0.6,30
2017-11-21,13,0.0,42
2017-11-22,13,0.0,41
2017-11-23,12,0.0,44
2017-11-24,13,0.0,52
2017-11-25,12,0.0,69
2017-11-26,12,0.0,66
2017-11-27,10,0.3,67
2017-11-28,10,0.0,74
2017-11-29,9,0.0,73
2017-11-30,9,0.0,69
2017-12-01,10,0.0,67
2017-12-02,12,0.0,63
2017-12-03,13,0.0,61
2017-12-04,13,0.0,57
2017-12-05,14,0.0,56
2017-12-06,13,0.0,55
2017-12-07,14,0.0,59
2017-12-08,14,0.0,59
2017-12-09,15,0.0,59
2017-12-10,14,0.0,55
2017-12-11,14,0.0,51
2017-12-12,13,0.0,27
2017-12-13,14,0.0,24
2017-12-14,12,0.0,16
2017-12-15,12,0.0,15
2017-12-16,12,0.0,19
2017-12-17,11,0.0,25
2017-12-18,12,0.0,39
2017-12-19,11,0.0,56
2017-12-20,12,0.0,63
2017-12-21,13,0.0,60
2017-12-22,13,0.0,52
2017-12-23,13,0.0,52
2017-12-24,12,0.0,41
2017-12-25,12,0.6,25
2017-12-26,12,0.0,24
2017-12-27,13,0.0,32
2017-12-28,12,0.0,33
2017-12-29,11,0.0,22
2017-12-30,11,0.0,18
2017-12-31,11,0.4,18
2018-01-01,10,1.0,19
2018-01-02,9,2.2,29
2018-01-03,8,0.0,23
2018-01-04,9,0.0,27
2018-01-05,8,0.0,25
2018-01-06,8,0.0,19
2018-01-07,8,0.0,33
2018-01-08,7,0.0,49
2018-01-09,7,0.0,51
2018-01-10,8,0.0,54
2018-01-11,9,0.0,55
2018-01-12,9,0.0,56
2018-01-13,9,0.0,58
2018-01-14,8,0.0,61
2018-01-15,11,0.0,58
2018-01-16,10,0.0,67
2018-01-17,11,0.0,60
2018-01-18,11,0.0,57
2018-01-19,10,0.0,60
2018-01-20,10,0.0,60
2018-01-21,9,0.0,71
2018-01-22,11,0.0,69
2018-01-23,12,0.0,58
2018-01-24,7,5.2,61
2018-01-25,8,0.0,49
2018-01-26,9,0.0,39
2018-01-27,7,0.0,54
2018-01-28,7,0.0,64
2018-01-29,8,0.0,63
2018-01-30,9,0.0,66
2018-01-31,10,0.0,69
2018-02-01,11,0.0,67
2018-02-02,12,0.0,67
2018-02-03,11,0.0,70
2018-02-04,11,0.0,40
2018-02-05,13,0.0,38
2018-02-06,14,0.0,35
2018-02-07,14,0.0,33
2018-02-08,12,0.0,24
2018-02-09,12,0.0,24
2018-02-10,12,0.0,21
2018-02-11,13,0.0,20
2018-02-12,13,0.0,29
2018-02-13,12,0.7,38
2018-02-14,12,0.0,23
2018-02-15,14,0.0,41
2018-02-16,13,0.0,52
2018-02-17,11,1.2,58
2018-02-18,11,1.1,62
2018-02-19,12,0.0,53
2018-02-20,12,0.0,50
2018-02-21,13,0.0,51
2018-02-22,12,8.0,53
2018-02-23,12,4.7,52
2018-02-24,14,0.4,49
2018-02-25,14,4.7,39
2018-02-26,13,3.8,47
2018-02-27,14,0.0,66
2018-02-28,14,0.0,70
2018-03-01,14,4.7,69
2018-03-02,13,8.6,59
2018-03-03,14,0.0,48
2018-03-04,16,0.0,44
2018-03-05,14,0.5,38
2018-03-06,14,0.0,31
2018-03-07,15,0.0,34
2018-03-08,15,0.0,36
2018-03-09,16,0.0,22
2018-03-10,17,0.0,27
2018-03-11,15,1.6,35
2018-03-12,15,2.7,43
2018-03-13,15,0.0,42
2018-03-14,17,0.3,46
2018-03-15,15,6.4,49
2018-03-16,16,1.0,38
2018-03-17,15,1.4,31
2018-03-18,17,0.0,29
2018-03-19,19,0.0,30
2018-03-20,18,0.0,28
2018-03-21,19,0.0,27
2018-03-22,18,1.9,24
2018-03-23,18,0.0,20
2018-03-24,18,0.0,26
2018-03-25,18,0.0,25
2018-03-26,17,0.3,26
2018-03-27,19,0.0,29
2018-03-28,18,4.6,46
2018-03-29,16,3.2,43
2018-03-30,15,3.5,39
2018-03-31,15,5.8,51
2018-04-01,15,0.0,47
2018-04-02,18,0.0,48
2018-04-03,17,0.0,56
2018-04-04,16,7.9,66
2018-04-05,15,16.6,68
2018-04-06,16,4.4,66
2018-04-07,16,19.6,60
2018-04-08,17,7.9,50
2018-04-09,16,6.7,56
2018-04-10,17,8.5,61
2018-04-11,16,5.0,64
2018-04-12,16,15.3,55
2018-04-13,18,0.5,37
2018-04-14,18,0.0,31
2018-04-15,19,0.0,35
2018-04-16,19,3.0,44
2018-04-17,18,13.6,56
2018-04-18,17,6.7,56
2018-04-19,17,7.1,60
2018-04-20,19,1.1,49
2018-04-21,21,0.1,34
2018-04-22,22,0.0,24
2018-04-23,20,0.0,21
2018-04-24,20,0.0,31
2018-04-25,20,5.8,42
2018-04-26,19,24.5,58
2018-04-27,18,6.3,60
2018-04-28,17,10.9,64
2018-04-29,17,26.0,69
2018-04-30,16,52.2,73
2018-05-01,17,21.4,72
2018-05-02,18,30.3,73
2018-05-03,16,34.5,83
2018-05-04,17,15.2,75
2018-05-05,17,8.4,75
2018-05-06,18,13.9,74
2018-05-07,19,10.6,66
2018-05-08,21,0.2,48
2018-05-09,21,1.0,35
2018-05-10,19,1.7,38
2018-05-11,20,0.2,51
2018-05-12,19,0.9,73
2018-05-13,18,17.8,82
2018-05-14,16,33.9,81
2018-05-15,17,16.2,74
2018-05-16,18,19.9,80
2018-05-17,18,21.6,80
2018-05-18,19,14.6,78
2018-05-19,19,15.1,75
2018-05-20,19,11.2,73
2018-05-21,20,4.5,79
2018-05-22,21,16.0,77
2018-05-23,21,19.4,77
2018-05-24,21,42.6,78
2018-05-25,22,16.6,70
2018-05-26,22,5.0,64
2018-05-27,22,9.7,55
2018-05-28,21,6.6,56
2018-05-29,20,12.7,66
2018-05-30,19,13.5,68
2018-05-31,21,8.3,67
2018-06-01,20,17.2,68
2018-06-02,20,17.4,69
2018-06-03,21,10.6,70
2018-06-04,22,28.4,76
2018-06-05,23,40.2,73
2018-06-06,23,19.0,71
2018-06-07,22,16.9,75
2018-06-08,22,16.3,81
2018-06-09,22,11.8,72
2018-06-10,23,16.6,71
2018-06-11,23,21.4,73
2018-06-12,22,17.4,78
2018-06-13,22,22.6,72
2018-06-14,20,41.0,71
2018-06-15,20,55.5,79
2018-06-16,20,51.3,82
2018-06-17,20,35.5,80
2018-06-18,22,4.4,74
2018-06-19,24,3.1,61
2018-06-20,23,20.1,68
2018-06-21,24,3.6,65
2018-06-22,24,3.1,68
2018-06-23,22,15.7,75
2018-06-24,22,23.9,80
2018-06-25,22,99.1,81
2018-06-26,21,8.9,85
2018-06-27,22,31.1,83
2018-06-28,21,10.7,85
2018-06-29,21,12.0,88
2018-06-30,21,36.9,87
2018-07-01,20,60.1,92
2018-07-02,19,204.0,94
2018-07-03,21,110.7,89
2018-07-04,21,13.4,86
2018-07-05,22,22.0,84
2018-07-06,23,12.2,83
2018-07-07,22,37.7,87
2018-07-08,21,54.0,89
2018-07-09,22,41.4,88
2018-07-10,21,38.4,87
2018-07-11,21,41.6,89
2018-07-12,21,41.8,88
2018-07-13,22,41.4,87
2018-07-14,22,38.1,86
2018-07-15,22,29.0,86
2018-07-16,22,32.8,85
2018-07-17,22,10.7,86
2018-07-18,21,36.2,85
2018-07-19,23,25.8,83
2018-07-20,23,35.3,78
2018-07-21,22,25.8,83
2018-07-22,22,30.2,83
2018-07-23,22,25.0,88
2018-07-24,21,16.9,88
2018-07-25,21,34.8,89
2018-07-26,21,20.5,89
2018-07-27,21,31.1,89
2018-07-28,21,60.7,90
2018-07-29,21,29.5,90
2018-07-30,20,27.1,90
2018-07-31,20,45.0,90
2018-08-01,20,80.4,90
2018-08-02,20,72.0,92
2018-08-03,21,13.9,90
2018-08-04,22,12.8,91
2018-08-05,22,66.2,87
2018-08-06,21,28.8,83
2018-08-07,21,14.1,78
2018-08-08,21,16.9,86
2018-08-09,21,11.3,88
2018-08-10,21,33.1,90
2018-08-11,21,46.4,92
2018-08-12,21,32.9,91
2018-08-13,21,62.2,92
2018-08-14,21,26.2,88
2018-08-15,22,32.4,84
2018-08-16,21,25.1,82
2018-08-17,22,13.9,85
2018-08-18,21,48.4,83
2018-08-19,23,40.0,81
2018-08-20,23,15.8,79
2018-08-21,22,14.0,86
2018-08-22,20,26.3,91
2018-08-23,21,25.5,90
2018-08-24,21,49.6,88
2018-08-25,21,65.2,91
2018-08-26,21,36.0,87
2018-08-27,21,55.3,89
2018-08-28,20,34.8,89
2018-08-29,21,49.6,89
2018-08-30,21,46.1,90
2018-08-31,20,98.2,89
2018-09-01,21,15.7,86
2018-09-02,20,39.6,90
2018-09-03,20,15.9,89
2018-09-04,22,6.4,86
2018-09-05,21,22.5,84
2018-09-06,21,27.3,84
2018-09-07,21,18.2,86
2018-09-08,20,7.9,89
2018-09-09,20,19.3,90
2018-09-10,20,30.0,92
2018-09-11,19,18.4,93
2018-09-12,20,13.7,90
2018-09-13,20,5.3,87
2018-09-14,19,9.7,83
2018-09-15,20,6.6,87
2018-09-16,20,11.5,84
2018-09-17,21,1.1,74
2018-09-18,20,2.2,67
2018-09-19,21,8.9,70
2018-09-20,21,16.2,74
2018-09-21,19,29.8,84
2018-09-22,20,14.2,86
2018-09-23,21,0.5,80
2018-09-24,20,2.9,85
2018-09-25,20,1.6,84
2018-09-26,20,3.9,87
2018-09-27,20,6.0,87
2018-09-28,19,0.0,83
2018-09-29,20,1.6,83
2018-09-30,19,2.5,83
2018-10-01,19,0.3,79
2018-10-02,18,0.1,78
2018-10-03,18,4.4,80
2018-10-04,17,5.0,72
2018-10-05,18,2.4,62
2018-10-06,17,0.3,64
2018-10-07,16,2.7,59
2018-10-08,16,1.8,62
2018-10-09,16,1.2,74
2018-10-10,16,0.0,78
2018-10-11,16,0.5,73
2018-10-12,16,5.5,71
2018-10-13,16,0.2,73
2018-10-14,16,0.1,68
2018-10-15,17,0.0,70
2018-10-16,15,0.0,76
2018-10-17,16,0.0,75
2018-10-18,17,0.6,61
2018-10-19,17,0.4,57
2018-10-20,16,0.0,51
2018-10-21,17,0.2,49
2018-10-22,17,1.1,38
2018-10-23,16,0.0,34
2018-10-24,16,0.0,39
2018-10-25,15,0.2,54
2018-10-26,15,0.0,32
2018-10-27,16,0.0,27
2018-10-28,16,2.0,31
2018-10-29,16,0.5,43
2018-10-30,16,0.0,61
2018-10-31,16,0.0,47
2018-11-01,16,0.0,45
2018-11-02,15,0.0,52
2018-11-03,15,0.0,47
2018-11-04,14,0.0,41
2018-11-05,14,0.0,46
2018-11-06,14,0.0,42
2018-11-07,12,0.0,57
2018-11-08,13,0.0,60
2018-11-09,12,1.0,60
2018-11-10,13,1.1,61
2018-11-11,13,0.0,65
2018-11-12,13,0.0,73
2018-11-13,12,1.1,71
2018-11-14,12,0.2,58
2018-11-15,12,0.5,52
2018-11-16,12,0.0,58
2018-11-17,12,0.0,60
2018-11-18,11,0.0,66
2018-11-19,11,0.0,66
2018-11-20,11,0.0,63
2018-11-21,11,0.0,72
2018-11-22,12,0.0,73
2018-11-23,13,0.0,70
2018-11-24,13,0.0,76
2018-11-25,15,0.0,73
2018-11-26,14,0.0,65
2018-11-27,14,0.0,63
2018-11-28,14,0.0,63
2018-11-29,14,0.0,64
2018-11-30,13,0.3,65
2018-12-01,12,0.8,76
2018-12-02,10,0.0,79
2018-12-03,10,0.0,76
2018-12-04,12,0.0,78
2018-12-05,13,0.0,73
2018-12-06,11,0.5,64
2018-12-07,9,1.6,44
2018-12-08,11,0.0,52
2018-12-09,12,0.0,54
2018-12-10,11,0.4,39
2018-12-11,10,0.5,25
2018-12-12,9,0.0,24
2018-12-13,9,0.0,36
2018-12-14,9,0.2,22
2018-12-15,10,0.0,18
2018-12-16,12,0.0,21
2018-12-17,11,0.0,30
2018-12-18,9,0.7,68
2018-12-19,10,0.0,67
2018-12-20,11,0.0,63
2018-12-21,10,0.0,64
2018-12-22,9,0.0,73
2018-12-23,10,0.0,71
2018-12-24,12,0.0,55
2018-12-25,12,0.0,37
2018-12-26,10,0.0,48
2018-12-27,7,0.0,46
2018-12-28,7,0.0,29
2018-12-29,9,0.0,45
2018-12-30,9,0.0,42
2018-12-31,9,0.0,41
2019-01-01,10,0.0,55
2019-01-02,11,0.2,36
2019-01-03,8,0.0,33
2019-01-04,8,0.0,43
2019-01-05,9,0.0,52
2019-01-06,11,0.8,22
2019-01-07,7,0.6,55
2019-01-08,9,0.0,40
2019-01-09,8,0.8,34
2019-01-10,9,0.0,48
2019-01-11,10,0.0,56
2019-01-12,11,0.0,37
2019-01-13,11,0.0,22
2019-01-14,10,0.0,26
2019-01-15,10,0.0,41
2019-01-16,9,0.0,48
2019-01-17,11,0.2,42
2019-01-18,10,0.0,36
2019-01-19,10,0.0,55
2019-01-20,9,0.0,67
2019-01-21,10,0.0,55
2019-01-22,9,1.4,34
2019-01-23,6,17.1,80
2019-01-24,9,0.2,32
2019-01-25,8,5.4,31
2019-01-26,9,4.7,49
2019-01-27,9,0.1,28
2019-01-28,7,1.2,30
2019-01-29,7,1.3,24
2019-01-30,11,0.0,28
2019-01-31,10,0.3,40
2019-02-01,13,0.6,32
2019-02-02,12,0.7,25
2019-02-03,11,0.0,27
2019-02-04,11,0.0,35
2019-02-05,11,0.0,40
2019-02-06,11,0.0,28
2019-02-07,8,19.5,71
2019-02-08,10,8.8,63
2019-02-09,6,5.3,59
2019-02-10,9,0.0,54
2019-02-11,10,0.0,56
2019-02-12,12,0.0,52
2019-02-13,13,0.0,57
2019-02-14,12,2.6,48
2019-02-15,11,1.4,40
2019-02-16,11,3.1,36
2019-02-17,10,0.5,44
2019-02-18,9,5.9,68
2019-02-19,9,0.4,63
2019-02-20,12,0.0,55
2019-02-21,15,0.2,51
2019-02-22,14,0.0,40
2019-02-23,12,0.0,37
2019-02-24,12,2.4,30
2019-02-25,10,2.4,48
2019-02-26,10,0.0,29
2019-02-27,8,19.3,72
2019-02-28,8,9.0,64
2019-03-01,10,0.0,47
2019-03-02,12,0.0,55
2019-03-03,11,1.4,58
2019-03-04,12,1.9,42
2019-03-05,12,0.2,36
2019-03-06,12,0.0,38
2019-03-07,13,0.0,35
2019-03-08,13,0.9,34
2019-03-09,13,0.8,37
2019-03-10,14,0.0,37
2019-03-11,15,0.0,30
2019-03-12,15,0.0,22
2019-03-13,17,0.0,20
2019-03-14,17,0.0,23
2019-03-15,16,0.1,25
2019-03-16,16,0.0,27
2019-03-17,16,1.2,22
2019-03-18,15,4.2,24
2019-03-19,14,2.3,33
2019-03-20,15,0.0,39
2019-03-21,15,0.2,30
2019-03-22,16,0.0,29
2019-03-23,17,0.0,24
2019-03-24,19,0.0,28
2019-03-25,17,5.5,42
2019-03-26,14,16.4,52
2019-03-27,15,0.0,49
2019-03-28,16,0.0,51
2019-03-29,17,0.0,66
2019-03-30,17,10.5,71
2019-03-31,18,12.1,56
2019-04-01,17,2.8,44
2019-04-02,16,3.9,40
2019-04-03,16,1.3,50
2019-04-04,16,11.2,68
2019-04-05,16,35.2,75
2019-04-06,17,24.9,68
2019-04-07,16,22.4,63
2019-04-08,16,15.7,64
2019-04-09,15,27.1,65
2019-04-10,17,0.0,67
2019-04-11,17,2.5,71
2019-04-12,18,9.3,66
2019-04-13,18,13.2,57
2019-04-14,19,7.1,52
2019-04-15,18,4.0,57
2019-04-16,19,14.0,53
2019-04-17,18,6.9,54
2019-04-18,18,2.2,35
2019-04-19,17,3.6,31
2019-04-20,17,0.0,37
2019-04-21,17,1.5,47
2019-04-22,17,24.3,59
2019-04-23,17,8.0,59
2019-04-24,19,3.3,59
2019-04-25,19,2.8,59
2019-04-26,19,5.9,62
2019-04-27,20,3.2,61
2019-04-28,21,3.9,60
2019-04-29,21,2.3,60
2019-04-30,22,0.3,48
2019-05-01,23,3.5,31
2019-05-02,23,3.6,37
2019-05-03,21,5.9,52
2019-05-04,21,0.6,61
2019-05-05,22,0.0,33
2019-05-06,21,0.0,24
2019-05-07,22,0.0,28
2019-05-08,23,0.0,32
2019-05-09,23,0.0,35
2019-05-10,23,0.0,33
2019-05-11,24,2.1,29
2019-05-12,22,0.0,42
2019-05-13,20,0.6,47
2019-05-14,20,9.9,48
2019-05-15,20,7.8,54
2019-05-16,20,10.1,58
2019-05-17,21,0.3,42
2019-05-18,21,1.8,35
2019-05-19,22,0.4,36
2019-05-20,22,3.0,40
2019-05-21,22,6.8,44
2019-05-22,22,8.8,49
2019-05-23,21,9.0,55
2019-05-24,20,25.3,66
2019-05-25,22,2.7,62
2019-05-26,22,2.2,52
2019-05-27,22,2.7,57
2019-05-28,22,0.8,49
2019-05-29,22,3.2,57
2019-05-30,20,16.5,61
2019-05-31,21,19.1,64
2019-06-01,21,26.6,70
2019-06-02,20,42.3,71
2019-06-03,20,8.2,71
2019-06-04,20,16.4,75
2019-06-05,20,3.9,77
2019-06-06,20,4.8,73
2019-06-07,22,14.3,65
2019-06-08,22,12.0,66
2019-06-09,22,5.2,66
2019-06-10,22,22.9,64
2019-06-11,22,14.4,69
2019-06-12,22,8.9,67
2019-06-13,23,1.5,71
2019-06-14,23,2.3,67
2019-06-15,24,3.5,59
2019-06-16,24,2.7,57
2019-06-17,23,8.0,66
2019-06-18,23,4.7,63
2019-06-19,23,4.8,65
2019-06-20,22,2.0,73
2019-06-21,23,4.7,73
2019-06-22,21,22.8,84
2019-06-23,22,11.3,83
2019-06-24,23,3.1,80
2019-06-25,22,3.3,79
2019-06-26,23,17.3,80
2019-06-27,23,5.3,81
2019-06-28,23,7.5,74
2019-06-29,23,5.5,73
2019-06-30,22,9.2,82
2019-07-01,24,14.7,74
2019-07-02,23,32.3,83
2019-07-03,23,7.3,88
2019-07-04,23,9.5,85
2019-07-05,23,21.0,86
2019-07-06,22,28.5,87
2019-07-07,22,26.0,90
2019-07-08,21,19.0,91
2019-07-09,21,34.3,93
2019-07-10,20,38.9,95
2019-07-11,20,120.6,95
2019-07-12,19,370.6,97
2019-07-13,20,190.3,96
2019-07-14,20,68.9,94
2019-07-15,21,25.3,87
2019-07-16,21,20.4,86
2019-07-17,21,6.1,88
2019-07-18,21,6.8,86
2019-07-19,22,16.6,85
2019-07-20,21,15.0,88
2019-07-21,20,9.9,89
2019-07-22,22,13.2,86
2019-07-23,21,9.2,90
2019-07-24,20,48.2,95
2019-07-25,20,55.1,95
2019-07-26,20,32.6,93
2019-07-27,21,19.2,91
2019-07-28,21,14.3,92
2019-07-29,21,10.7,87
2019-07-30,21,6.2,91
2019-07-31,21,8.9,91
2019-08-01,21,11.9,88
2019-08-02,21,23.6,89
2019-08-03,22,25.0,89
2019-08-04,22,8.2,90
2019-08-05,22,5.5,88
2019-08-06,23,17.0,79
2019-08-07,22,32.5,86
2019-08-08,22,21.4,91
2019-08-09,22,12.3,88
2019-08-10,21,4.9,89
2019-08-11,22,17.9,86
2019-08-12,24,1.4,76
2019-08-13,23,32.0,86
2019-08-14,22,15.3,90
2019-08-15,21,21.9,91
2019-08-16,21,12.3,92
2019-08-17,20,17.8,91
2019-08-18,21,18.7,89
2019-08-19,21,6.1,91
2019-08-20,21,2.2,92
2019-08-21,21,8.4,87
2019-08-22,21,13.3,84
2019-08-23,22,10.9,88
2019-08-24,20,19.6,90
2019-08-25,21,14.8,85
2019-08-26,22,10.4,85
2019-08-27,22,7.1,87
2019-08-28,22,14.0,87
2019-08-29,21,18.1,87
2019-08-30,22,6.5,89
2019-08-31,21,21.4,90
2019-09-01,20,10.6,84
2019-09-02,23,3.3,79
2019-09-03,21,19.9,86
2019-09-04,21,17.4,86
2019-09-05,21,18.8,88
2019-09-06,21,13.4,90
2019-09-07,22,16.7,87
2019-09-08,21,15.9,91
2019-09-09,21,8.1,90
2019-09-10,21,15.1,90
2019-09-11,21,23.0,91
2019-09-12,21,40.8,91
2019-09-13,20,37.4,93
2019-09-14,21,11.5,88
2019-09-15,20,8.2,92
2019-09-16,21,20.6,90
2019-09-17,19,61.9,96
2019-09-18,17,42.5,96
2019-09-19,20,8.4,79
2019-09-20,20,0.8,79
2019-09-21,20,3.8,85
2019-09-22,20,12.1,82
2019-09-23,19,8.0,85
2019-09-24,18,13.9,91
2019-09-25,18,18.9,94
2019-09-26,17,19.7,95
2019-09-27,17,16.2,96
2019-09-28,17,36.8,94
2019-09-29,17,33.5,93
2019-09-30,18,9.0,91
2019-10-01,17,3.7,92
2019-10-02,18,1.8,92
2019-10-03,19,2.8,89
2019-10-04,18,1.4,87
2019-10-05,18,1.7,88
2019-10-06,17,2.3,88
2019-10-07,18,1.8,86
2019-10-08,17,7.5,87
2019-10-09,17,1.3,86
2019-10-10,17,1.7,84
2019-10-11,17,0.2,82
2019-10-12,17,0.0,82
2019-10-13,16,0.0,83
2019-10-14,16,0.1,84
2019-10-15,17,0.1,80
2019-10-16,17,0.2,80
2019-10-17,16,1.0,83
2019-10-18,16,0.5,78
2019-10-19,17,0.0,75
2019-10-20,17,0.5,75
2019-10-21,18,0.3,74
2019-10-22,18,0.0,68
2019-10-23,16,0.0,73
2019-10-24,16,0.0,76
2019-10-25,14,0.5,83
2019-10-26,15,0.0,74
2019-10-27,16,0.0,63
2019-10-28,16,0.0,77
2019-10-29,16,0.1,76
2019-10-30,17,0.0,81
2019-10-31,17,1.7,79
2019-11-01,15,1.0,79
2019-11-02,16,0.0,79
2019-11-03,17,1.0,74
2019-11-04,15,1.5,77
2019-11-05,14,0.8,78
2019-11-06,15,0.0,78
2019-11-07,16,0.0,74
2019-11-08,16,0.4,72
2019-11-09,16,1.0,76
2019-11-10,17,0.0,73
2019-11-11,16,0.0,79
2019-11-12,14,0.0,76
2019-11-13,15,0.0,72
2019-11-14,15,0.0,73
2019-11-15,16,0.0,64
2019-11-16,16,0.0,68
2019-11-17,16,0.0,74
2019-11-18,15,0.0,80
2019-11-19,14,0.0,79
2019-11-20,14,0.0,81
2019-11-21,13,0.0,82
2019-11-22,14,0.0,78
2019-11-23,13,0.0,81
2019-11-24,13,0.0,75
2019-11-25,14,0.0,74
2019-11-26,16,0.0,66
2019-11-27,15,0.0,61
2019-11-28,16,0.0,55
2019-11-29,15,0.0,50
2019-11-30,15,0.0,56
2019-12-01,13,0.0,59
2019-12-02,12,0.0,63
2019-12-03,11,0.0,65
2019-12-04,11,0.0,65
2019-12-05,14,0.0,60
2019-12-06,14,0.0,66
2019-12-07,13,0.0,72
2019-12-08,12,0.0,65
2019-12-09,11,0.0,71
2019-12-10,10,0.0,77
2019-12-11,9,0.0,80
2019-12-12,9,1.8,81
2019-12-13,8,28.3,89
2019-12-14,8,3.5,82
2019-12-15,8,0.0,67
2019-12-16,8,0.2,62
2019-12-17,9,0.2,59
2019-12-18,8,0.0,62
2019-12-19,8,0.0,67
2019-12-20,9,0.0,69
2019-12-21,9,0.0,71
2019-12-22,9,0.0,67
2019-12-23,9,0.0,60
2019-12-24,9,0.0,54
2019-12-25,9,0.0,51
2019-12-26,7,0.0,55
2019-12-27,6,0.2,51
2019-12-28,9,0.0,44
2019-12-29,9,0.0,43
2019-12-30,10,0.0,41
2019-12-31,10,0.0,35
2020-01-01,10,0.0,49
2020-01-02,10,5.8,53
2020-01-03,9,14.6,71
2020-01-04,8,3.0,79
2020-01-05,7,0.1,72
2020-01-06,8,0.0,70
2020-01-07,8,3.7,73
2020-01-08,9,10.8,75
2020-01-09,8,9.8,82
2020-01-10,8,0.1,78
2020-01-11,9,0.0,73
2020-01-12,11,0.0,71
2020-01-13,11,0.0,73
2020-01-14,12,0.0,65
2020-01-15,12,0.0,62
2020-01-16,11,2.1,65
2020-01-17,8,36.8,91
2020-01-18,10,0.6,71
2020-01-19,9,0.3,66
2020-01-20,8,0.0,66
2020-01-21,10,0.0,55
2020-01-22,11,0.0,48
2020-01-23,10,0.0,60
2020-01-24,9,0.0,76
2020-01-25,9,0.0,73
2020-01-26,7,0.0,80
2020-01-27,8,0.0,78
2020-01-28,10,0.1,70
2020-01-29,12,0.2,61
2020-01-30,9,0.9,69
2020-01-31,8,0.0,76
2020-02-01,8,3.5,77
2020-02-02,8,0.0,72
2020-02-03,9,0.0,67
2020-02-04,9,0.0,70
2020-02-05,10,0.2,66
2020-02-06,9,0.0,69
2020-02-07,9,0.0,61
2020-02-08,8,3.3,59
2020-02-09,9,0.0,57
2020-02-10,10,0.0,52
2020-02-11,11,0.0,61
2020-02-12,11,0.0,68
2020-02-13,13,0.0,68
2020-02-14,12,0.0,73
2020-02-15,12,0.0,76
2020-02-16,12,0.0,73
2020-02-17,13,0.0,73
2020-02-18,14,0.0,75
2020-02-19,13,0.9,76
2020-02-20,14,0.0,69
2020-02-21,13,4.3,65
2020-02-22,14,0.3,65
2020-02-23,14,3.0,55
2020-02-24,13,1.7,60
2020-02-25,11,6.8,68
2020-02-26,9,23.5,83
2020-02-27,11,0.1,69
2020-02-28,13,0.0,76
2020-02-29,13,0.7,64
2020-03-01,14,2.5,65
2020-03-02,14,2.0,62
2020-03-03,14,0.3,61
2020-03-04,14,3.6,59
2020-03-05,14,0.9,49
2020-03-06,13,2.7,56
2020-03-07,12,4.9,71
2020-03-08,14,0.0,56
2020-03-09,15,0.0,47
2020-03-10,15,0.0,57
2020-03-11,16,0.4,49
2020-03-12,17,0.0,47
2020-03-13,15,4.0,49
2020-03-14,15,2.8,60
2020-03-15,14,1.6,64
2020-03-16,15,0.0,49
2020-03-17,16,0.0,48
2020-03-18,16,0.1,48
2020-03-19,16,3.6,43
2020-03-20,15,2.1,46
2020-03-21,15,3.0,52
2020-03-22,14,8.2,56
2020-03-23,14,12.6,63
2020-03-24,16,0.0,61
2020-03-25,16,3.9,59
2020-03-26,18,0.0,50
2020-03-27,20,0.0,44
2020-03-28,20,0.0,45
2020-03-29,21,0.0,32
2020-03-30,20,0.0,28
2020-03-31,21,0.5,29
2020-04-01,19,3.5,31
2020-04-02,20,0.5,28
2020-04-03,19,0.0,25
2020-04-04,20,0.7,25
2020-04-05,20,0.0,22
2020-04-06,21,0.0,23
2020-04-07,21,0.0,20
2020-04-08,21,4.9,21
2020-04-09,18,1.7,34
2020-04-10,20,0.0,24
2020-04-11,21,0.9,22
2020-04-12,22,0.0,23
2020-04-13,23,8.1,25
2020-04-14,22,14.7,31
2020-04-15,21,17.9,38
2020-04-16,18,21.0,53
2020-04-17,20,15.2,48
2020-04-18,18,12.7,60
2020-04-19,19,3.6,53
2020-04-20,19,18.7,54
2020-04-21,16,9.2,64
2020-04-22,16,20.4,66
2020-04-23,16,10.1,64
2020-04-24,17,18.2,64
2020-04-25,17,15.5,66
2020-04-26,17,19.2,73
2020-04-27,17,6.0,73
2020-04-28,17,11.6,74
2020-04-29,17,13.0,67
2020-04-30,18,15.0,70
2020-05-01,17,12.5,78
2020-05-02,19,5.8,67
2020-05-03,19,15.2,71
2020-05-04,18,28.8,71
2020-05-05,19,14.0,65
2020-05-06,19,14.4,60
2020-05-07,19,5.1,55
2020-05-08,20,0.9,46
2020-05-09,20,0.4,50
2020-05-10,20,6.4,49
2020-05-11,21,0.5,48
2020-05-12,20,2.8,53
2020-05-13,20,7.4,54
2020-05-14,22,14.6,50
2020-05-15,22,2.5,50
2020-05-16,23,3.5,48
2020-05-17,23,0.9,48
2020-05-18,23,4.9,40
2020-05-19,23,3.0,41
2020-05-20,21,3.0,57
2020-05-21,21,11.5,62
2020-05-22,21,6.3,68
2020-05-23,21,12.9,66
2020-05-24,21,5.5,68
2020-05-25,22,10.9,66
2020-05-26,21,26.7,60
2020-05-27,21,1.2,59
2020-05-28,21,15.8,62
2020-05-29,20,21.0,70
2020-05-30,20,22.7,69
2020-05-31,20,33.4,64
2020-06-01,21,1.5,64
2020-06-02,21,0.7,58
2020-06-03,22,2.2,62
2020-06-04,20,6.5,68
2020-06-05,19,47.2,82
2020-06-06,20,74.0,81
2020-06-07,21,5.6,79
2020-06-08,22,5.8,72
2020-06-09,23,6.1,67
2020-06-10,24,3.1,64
2020-06-11,23,5.7,70
2020-06-12,23,11.9,76
2020-06-13,23,16.9,78
2020-06-14,21,27.7,86
2020-06-15,21,43.2,90
2020-06-16,22,62.1,78
2020-06-17,23,20.2,81
2020-06-18,21,34.3,90
2020-06-19,21,25.9,87
2020-06-20,22,19.2,85
2020-06-21,22,9.7,84
2020-06-22,22,27.4,85
2020-06-23,22,24.7,89
2020-06-24,22,10.0,88
2020-06-25,22,29.1,83
2020-06-26,22,50.1,84
2020-06-27,22,18.8,85
2020-06-28,22,15.8,89
2020-06-29,21,30.3,90
2020-06-30,22,13.4,83
2020-07-01,23,17.5,84
2020-07-02,23,23.0,81
2020-07-03,23,21.3,84
2020-07-04,21,20.0,90
2020-07-05,22,18.1,88
2020-07-06,21,21.3,86
2020-07-07,23,25.7,87
2020-07-08,23,24.4,88
2020-07-09,22,38.5,90
2020-07-10,21,141.2,95
2020-07-11,21,90.0,94
2020-07-12,22,19.2,92
2020-07-13,22,69.6,88
2020-07-14,22,25.4,89
2020-07-15,21,12.0,91
2020-07-16,22,20.0,89
2020-07-17,22,26.0,88
2020-07-18,21,13.5,92
2020-07-19,21,38.6,94
2020-07-20,20,220.3,97
2020-07-21,20,69.8,96
2020-07-22,22,8.8,90
2020-07-23,22,50.3,89
2020-07-24,21,79.9,92
2020-07-25,22,9.2,89
2020-07-26,22,15.1,89
2020-07-27,22,24.8,89
2020-07-28,21,46.2,95
2020-07-29,21,38.3,93
2020-07-30,22,12.7,91
2020-07-31,21,15.9,93
2020-08-01,22,28.8,88
2020-08-02,23,10.4,87
2020-08-03,23,15.2,88
2020-08-04,24,10.4,81
2020-08-05,24,30.1,83
2020-08-06,23,16.1,89
2020-08-07,23,18.3,89
2020-08-08,23,15.9,88
2020-08-09,21,16.8,94
2020-08-10,21,29.6,93
2020-08-11,22,24.0,89
2020-08-12,22,44.4,92
2020-08-13,21,16.6,92
2020-08-14,22,18.4,90
2020-08-15,22,20.8,90
2020-08-16,22,14.4,89
2020-08-17,23,22.5,88
2020-08-18,23,32.7,89
2020-08-19,22,40.7,89
2020-08-20,22,18.3,89
2020-08-21,22,20.8,90
2020-08-22,21,9.8,86
2020-08-23,21,10.9,86
2020-08-24,22,31.8,88
2020-08-25,23,13.3,90
2020-08-26,23,22.1,88
2020-08-27,22,31.2,89
2020-08-28,21,12.4,88
2020-08-29,22,7.7,88
2020-08-30,22,5.5,89
2020-08-31,22,1.8,88
2020-09-01,21,18.5,91
2020-09-02,22,18.8,88
2020-09-03,22,28.7,89
2020-09-04,22,7.1,89
2020-09-05,22,8.7,89
2020-09-06,22,18.1,88
2020-09-07,21,12.1,88
2020-09-08,21,15.4,88
2020-09-09,22,8.3,87
2020-09-10,22,7.7,87
2020-09-11,21,9.1,87
2020-09-12,22,12.2,88
2020-09-13,22,18.3,89
2020-09-14,22,12.4,88
2020-09-15,21,10.3,86
2020-09-16,21,17.4,86
2020-09-17,21,21.3,87
2020-09-18,21,16.1,88
2020-09-19,22,13.5,88
2020-09-20,23,11.5,79
2020-09-21,23,21.8,82
2020-09-22,21,24.0,89
2020-09-23,19,95.4,95
2020-09-24,18,71.1,96
2020-09-25,19,33.1,92
2020-09-26,20,0.4,85
2020-09-27,20,2.7,83
2020-09-28,20,0.4,82
2020-09-29,20,2.3,81
2020-09-30,20,1.9,87
2020-10-01,21,3.5,84
2020-10-02,20,2.6,84
2020-10-03,20,2.0,84
2020-10-04,20,2.2,81
2020-10-05,21,1.0,83
2020-10-06,21,1.7,84
2020-10-07,21,0.1,83
2020-10-08,21,0.0,77
2020-10-09,21,0.0,69
2020-10-10,21,0.0,69
2020-10-11,21,0.0,76
2020-10-12,21,0.0,83
2020-10-13,21,0.0,76
2020-10-14,21,0.2,76
2020-10-15,21,0.0,72
2020-10-16,20,0.0,72
2020-10-17,21,0.0,73
2020-10-18,20,0.2,80
2020-10-19,19,1.0,83
2020-10-20,18,0.5,79
2020-10-21,19,0.9,74
2020-10-22,19,0.7,70
2020-10-23,19,1.9,68
2020-10-24,18,0.0,64
2020-10-25,18,0.0,76
2020-10-26,18,0.0,69
2020-10-27,17,0.1,73
2020-10-28,18,0.0,68
2020-10-29,18,0.0,67
2020-10-30,20,0.0,55
2020-10-31,20,1.2,47
2020-11-01,20,0.1,59
2020-11-02,18,0.0,71
2020-11-03,19,0.1,64
2020-11-04,17,1.5,63
2020-11-05,15,0.0,68
2020-11-06,15,0.0,73
2020-11-07,15,0.0,71
2020-11-08,16,0.0,67
2020-11-09,17,0.0,60
2020-11-10,17,0.0,61
2020-11-11,16,0.0,67
2020-11-12,17,0.0,58
2020-11-13,17,0.0,56
2020-11-14,16,0.0,62
2020-11-15,17,0.0,58
2020-11-16,15,1.1,60
2020-11-17,15,0.0,58
2020-11-18,15,0.0,61
2020-11-19,15,0.0,59
2020-11-20,14,0.0,57
2020-11-21,12,0.0,61
2020-11-22,11,0.0,74
2020-11-23,12,0.0,72
2020-11-24,13,0.0,70
2020-11-25,14,0.0,64
2020-11-26,14,0.0,58
2020-11-27,15,0.0,56
2020-11-28,15,0.0,57
2020-11-29,15,0.0,52
2020-11-30,14,0.0,55
2020-12-01,13,0.0,58
2020-12-02,13,0.0,66
2020-12-03,12,0.0,72
2020-12-04,12,0.0,73
2020-12-05,11,0.0,75
2020-12-06,11,0.1,79
2020-12-07,11,0.0,74
2020-12-08,12,0.0,78
2020-12-09,12,0.0,79
2020-12-10,13,0.0,76
2020-12-11,13,0.0,70
2020-12-12,13,0.0,68
2020-12-13,13,0.0,63
2020-12-14,12,0.0,61
2020-12-15,13,0.0,52
2020-12-16,13,0.0,39
2020-12-17,12,0.0,44
2020-12-18,11,0.0,56
2020-12-19,9,0.0,67
2020-12-20,9,0.0,68
2020-12-21,11,0.0,60
2020-12-22,12,0.0,57
2020-12-23,12,0.0,60
2020-12-24,12,0.0,62
2020-12-25,11,0.0,61
2020-12-26,12,0.0,59
2020-12-27,11,0.0,57
2020-12-28,12,0.0,56
2020-12-29,11,0.0,56
2020-12-30,11,0.0,54
2020-12-31,12,0.0,54
2021-01-01,13,0.0,54
2021-01-02,13,0.0,53
2021-01-03,13,0.0,46
2021-01-04,15,0.0,43
2021-01-05,15,0.0,41
2021-01-06,16,0.0,43
2021-01-07,15,0.0,44
2021-01-08,14,0.0,51
2021-01-09,14,0.0,52
2021-01-10,15,0.0,50
2021-01-11,13,0.0,57
2021-01-12,11,0.0,74
2021-01-13,9,0.0,73
2021-01-14,9,0.0,68
2021-01-15,10,0.0,64
2021-01-16,10,0.0,68
2021-01-17,10,0.0,69
2021-01-18,12,0.0,66
2021-01-19,10,0.5,70
2021-01-20,10,0.3,73
2021-01-21,10,0.0,73
2021-01-22,10,0.0,70
2021-01-23,11,0.0,69
2021-01-24,11,0.0,66
2021-01-25,11,0.0,59
2021-01-26,11,0.0,55
2021-01-27,11,0.0,51
2021-01-28,11,0.0,53
2021-01-29,11,0.0,48
2021-01-30,9,0.1,49
2021-01-31,10,0.0,49
2021-02-01,9,0.0,47
2021-02-02,10,0.0,48
2021-02-03,12,0.0,47
2021-02-04,13,0.0,46
2021-02-05,11,5.1,52
2021-02-06,9,3.0,64
2021-02-07,10,0.0,58
2021-02-08,13,0.0,44
2021-02-09,13,0.0,49
2021-02-10,13,0.0,62
2021-02-11,12,0.0,65
2021-02-12,12,0.0,68
2021-02-13,13,0.0,62
2021-02-14,13,1.4,62
2021-02-15,13,1.1,57
2021-02-16,13,1.3,51
2021-02-17,14,1.0,45
2021-02-18,12,3.2,46
2021-02-19,13,0.6,49
2021-02-20,14,0.0,46
2021-02-21,15,0.0,44
2021-02-22,15,0.0,43
2021-02-23,16,0.0,43
2021-02-24,15,2.2,42
2021-02-25,16,0.0,41
2021-02-26,17,0.1,41
2021-02-27,16,0.5,40
2021-02-28,17,0.0,40
2021-03-01,18,0.0,35
2021-03-02,17,0.0,27
2021-03-03,17,0.0,23
2021-03-04,17,0.5,26
2021-03-05,17,1.3,28
2021-03-06,17,0.0,28
2021-03-07,16,0.1,29
2021-03-08,17,0.1,32
2021-03-09,18,0.8,33
2021-03-10,18,1.2,30
2021-03-11,19,0.0,25
2021-03-12,20,0.0,24
2021-03-13,17,0.7,32
2021-03-14,18,1.5,31
2021-03-15,19,0.0,29
2021-03-16,19,0.8,26
2021-03-17,20,0.0,21
2021-03-18,19,0.0,21
2021-03-19,20,0.0,21
2021-03-20,20,0.8,21
2021-03-21,20,0.2,24
2021-03-22,21,0.0,19
2021-03-23,21,0.3,20
2021-03-24,21,0.5,25
2021-03-25,19,0.0,31
2021-03-26,21,0.0,22
2021-03-27,22,0.0,15
2021-03-28,21,0.0,15
2021-03-29,20,0.0,18
2021-03-30,20,1.5,20
2021-03-31,19,5.4,42
2021-04-01,17,0.6,54
2021-04-02,20,0.0,33
2021-04-03,20,0.0,18
2021-04-04,20,0.0,12
2021-04-05,22,0.0,15
2021-04-06,22,0.0,11
2021-04-07,23,1.2,15
2021-04-08,23,0.1,18
2021-04-09,22,0.0,24
2021-04-10,23,0.0,22
2021-04-11,23,0.0,17
2021-04-12,23,0.7,8
2021-04-13,23,0.3,11
2021-04-14,24,0.3,13
2021-04-15,23,2.5,15
2021-04-16,23,1.6,15
2021-04-17,21,9.2,27
2021-04-18,20,1.3,35
2021-04-19,21,0.0,29
2021-04-20,24,0.0,21
2021-04-21,21,0.0,30
2021-04-22,20,1.6,35
2021-04-23,22,0.0,22
2021-04-24,23,0.5,19
2021-04-25,24,0.0,18
2021-04-26,25,0.0,13
2021-04-27,25,0.0,12
2021-04-28,25,3.7,11
2021-04-29,24,5.6,14
2021-04-30,22,9.7,23
2021-05-01,21,16.4,42
2021-05-02,21,19.2,51
2021-05-03,19,13.0,59
2021-05-04,19,15.2,65
2021-05-05,17,25.6,71
2021-05-06,18,16.2,71
2021-05-07,18,20.1,68
2021-05-08,20,4.2,64
2021-05-09,18,19.1,67
2021-05-10,19,15.1,61
2021-05-11,18,21.3,70
2021-05-12,17,48.3,76
2021-05-13,17,12.0,77
