,Date,Price,price_diff
1,2013-06-17,4968.5,-106.0
2,2013-06-18,4925.5,-43.0
3,2013-06-19,5003.5,78.0
4,2013-06-20,5013.0,9.5
5,2013-06-21,4993.0,-20.0
6,2013-06-25,5012.0,19.0
7,2013-06-26,4939.5,-72.5
8,2013-06-27,4823.0,-116.5
9,2013-06-28,4825.0,2.0
10,2013-06-30,4592.5,-232.5
11,2013-07-01,4747.5,155.0
12,2013-07-02,5085.5,338.0
13,2013-07-03,4858.5,-227.0
14,2013-07-04,4823.0,-35.5
15,2013-07-05,4870.0,47.0
16,2013-07-09,4964.5,94.5
17,2013-07-10,5119.0,154.5
18,2013-07-11,5038.5,-80.5
19,2013-07-12,5122.5,84.0
20,2013-07-14,5071.5,-51.0
21,2013-07-15,4925.0,-146.5
22,2013-07-16,5370.5,445.5
23,2013-07-17,5147.0,-223.5
24,2013-07-18,5074.0,-73.0
25,2013-07-19,4881.0,-193.0
26,2013-07-21,4944.0,63.0
27,2013-07-22,5017.0,73.0
28,2013-07-23,4589.5,-427.5
29,2013-07-24,4608.5,19.0
30,2013-07-25,4719.5,111.0
31,2013-07-26,4606.0,-113.5
32,2013-07-28,4742.0,136.0
33,2013-07-29,4651.5,-90.5
34,2013-07-30,4430.5,-221.0
35,2013-07-31,4442.5,12.0
36,2013-08-01,4450.5,8.0
37,2013-08-02,4607.0,156.5
38,2013-08-04,4536.0,-71.0
39,2013-08-05,4490.5,-45.5
40,2013-08-06,4620.0,129.5
41,2013-08-07,4717.5,97.5
42,2013-08-08,4704.5,-13.0
43,2013-08-12,2436.5,-2268.0
44,2013-08-13,4893.0,2456.5
45,2013-08-14,5073.0,180.0
46,2013-08-15,5175.5,102.5
47,2013-08-16,5357.5,182.0
48,2013-08-18,5398.0,40.5
49,2013-08-19,5052.0,-346.0
50,2013-08-20,5225.0,173.0
51,2013-08-23,5523.5,298.5
52,2013-08-25,5334.0,-189.5
53,2013-08-26,5417.5,83.5
54,2013-08-27,5264.5,-153.0
55,2013-08-29,5122.5,-142.0
56,2013-08-30,5315.5,193.0
57,2013-09-01,5168.5,-147.0
58,2013-09-02,5226.0,57.5
59,2013-09-03,5202.5,-23.5
60,2013-09-04,5400.5,198.0
61,2013-09-05,5382.5,-18.0
62,2013-09-06,5500.0,117.5
63,2013-09-08,5405.0,-95.0
64,2013-09-09,5475.5,70.5
65,2013-09-10,5409.0,-66.5
66,2013-09-11,5380.0,-29.0
67,2013-09-12,5407.0,27.0
68,2013-09-13,5116.5,-290.5
69,2013-09-15,5297.5,181.0
70,2013-09-16,5301.0,3.5
71,2013-09-17,5351.0,50.0
72,2013-09-19,5285.5,-65.5
73,2013-09-20,5198.5,-87.0
74,2013-09-22,5299.5,101.0
75,2013-09-23,5279.5,-20.0
76,2013-09-24,5380.0,100.5
77,2013-09-25,5043.0,-337.0
78,2013-09-26,5321.0,278.0
79,2013-09-27,5558.0,237.0
80,2013-09-29,5591.5,33.5
81,2013-09-30,5463.5,-128.0
82,2013-10-01,5622.0,158.5
83,2013-10-02,5662.5,40.5
84,2013-10-03,5512.0,-150.5
85,2013-10-04,5664.5,152.5
86,2013-10-06,5897.0,232.5
87,2013-10-07,5642.0,-255.0
88,2013-10-08,5356.5,-285.5
89,2013-10-09,5677.0,320.5
90,2013-10-10,5602.0,-75.0
91,2013-10-11,5813.0,211.0
92,2013-10-12,5545.0,-268.0
93,2013-10-13,3394.0,-2151.0
94,2013-10-14,3360.0,-34.0
95,2013-10-15,3245.0,-115.0
96,2013-10-16,6107.0,2862.0
97,2013-10-17,5421.5,-685.5
98,2013-10-20,5772.5,351.0
99,2013-10-21,5360.0,-412.5
100,2013-10-22,5444.5,84.5
101,2013-10-23,5444.0,-0.5
102,2013-10-24,5785.5,341.5
103,2013-10-25,5866.5,81.0
104,2013-10-27,5964.5,98.0
105,2013-10-28,5963.5,-1.0
106,2013-10-29,6362.5,399.0
107,2013-10-30,6222.5,-140.0
108,2013-10-31,6055.5,-167.0
109,2013-11-01,6057.0,1.5
110,2013-11-03,5926.5,-130.5
111,2013-11-04,6195.5,269.0
112,2013-11-05,4446.5,-1749.0
113,2013-11-06,4215.5,-231.0
114,2013-11-07,5422.5,1207.0
115,2013-11-10,5517.0,94.5
116,2013-11-11,4742.5,-774.5
117,2013-11-12,5360.5,618.0
118,2013-11-13,5256.0,-104.5
119,2013-11-14,5264.5,8.5
120,2013-11-15,5520.0,255.5
121,2013-11-16,5416.0,-104.0
122,2013-11-17,5242.0,-174.0
123,2013-11-18,5340.0,98.0
124,2013-11-20,5592.0,252.0
125,2013-11-21,5343.5,-248.5
126,2013-11-22,5565.5,222.0
127,2013-11-24,5133.5,-432.0
128,2013-11-25,5172.5,39.0
129,2013-11-26,5076.0,-96.5
130,2013-11-27,5085.5,9.5
131,2013-11-28,5130.0,44.5
132,2013-11-29,5384.5,254.5
133,2013-12-01,5538.0,153.5
134,2013-12-02,5347.0,-191.0
135,2013-12-03,5497.0,150.0
136,2013-12-04,5415.0,-82.0
137,2013-12-05,5373.5,-41.5
138,2013-12-06,5448.0,74.5
139,2013-12-08,5267.5,-180.5
140,2013-12-09,5332.5,65.0
141,2013-12-10,5433.5,101.0
142,2013-12-11,5111.5,-322.0
143,2013-12-12,5230.5,119.0
144,2013-12-13,5214.0,-16.5
145,2013-12-15,5351.0,137.0
146,2013-12-16,5192.5,-158.5
147,2013-12-18,5582.5,390.0
148,2013-12-19,5423.5,-159.0
149,2013-12-20,5498.0,74.5
150,2013-12-22,5283.0,-215.0
151,2013-12-23,5814.5,531.5
152,2013-12-24,5786.5,-28.0
153,2013-12-26,5447.5,-339.0
154,2013-12-27,5519.0,71.5
155,2013-12-29,5629.5,110.5
156,2013-12-31,5682.5,53.0
157,2014-01-01,5648.0,-34.5
158,2014-01-02,5747.0,99.0
159,2014-01-03,5611.5,-135.5
160,2014-01-05,5528.0,-83.5
161,2014-01-06,5509.0,-19.0
162,2014-01-07,5778.5,269.5
163,2014-01-08,5706.5,-72.0
164,2014-01-09,5695.5,-11.0
165,2014-01-10,5545.5,-150.0
166,2014-01-12,5543.0,-2.5
167,2014-01-13,5552.5,9.5
168,2014-01-14,5559.5,7.0
169,2014-01-16,5508.5,-51.0
170,2014-01-17,5434.5,-74.0
171,2014-01-19,5458.0,23.5
172,2014-01-20,5297.0,-161.0
173,2014-01-21,5441.0,144.0
174,2014-01-22,5237.5,-203.5
175,2014-01-23,5417.0,179.5
176,2014-01-24,5388.5,-28.5
177,2014-01-26,5064.5,-324.0
178,2014-01-27,5306.0,241.5
179,2014-01-28,5115.5,-190.5
180,2014-01-29,5269.5,154.0
181,2014-02-02,5095.0,-174.5
182,2014-02-03,5059.5,-35.5
183,2014-02-04,5031.0,-28.5
184,2014-02-05,4944.5,-86.5
185,2014-02-06,4643.5,-301.0
186,2014-02-07,4794.5,151.0
187,2014-02-08,2104.0,-2690.5
188,2014-02-09,5104.0,3000.0
189,2014-02-10,5017.0,-87.0
190,2014-02-11,4949.5,-67.5
191,2014-02-12,5495.5,546.0
192,2014-02-13,5453.0,-42.5
193,2014-02-14,5400.0,-53.0
194,2014-02-16,5427.5,27.5
195,2014-02-17,5235.5,-192.0
196,2014-02-18,5616.5,381.0
197,2014-02-20,5516.0,-100.5
198,2014-02-21,5450.5,-65.5
199,2014-02-23,6020.5,570.0
200,2014-02-24,6014.5,-6.0
201,2014-02-25,6109.0,94.5
202,2014-02-26,6003.5,-105.5
203,2014-02-28,6190.5,187.0
204,2014-03-03,6031.5,-159.0
205,2014-03-05,5697.5,-334.0
206,2014-03-06,6070.0,372.5
207,2014-03-07,6168.5,98.5
208,2014-03-09,6304.5,136.0
209,2014-03-10,6044.5,-260.0
210,2014-03-11,5982.0,-62.5
211,2014-03-12,5852.5,-129.5
212,2014-03-13,6642.5,790.0
213,2014-03-14,6515.0,-127.5
214,2014-03-17,5993.5,-521.5
215,2014-03-18,6011.0,17.5
216,2014-03-19,5339.0,-672.0
217,2014-03-20,5146.0,-193.0
218,2014-03-21,5689.0,543.0
219,2014-03-23,5563.0,-126.0
220,2014-03-24,5623.0,60.0
221,2014-03-25,5887.0,264.0
222,2014-03-26,6018.5,131.5
223,2014-03-27,6111.5,93.0
224,2014-03-28,5750.0,-361.5
225,2014-03-31,6118.5,368.5
226,2014-04-01,5727.5,-391.0
227,2014-04-02,5753.0,25.5
228,2014-04-03,5978.5,225.5
229,2014-04-04,6102.5,124.0
230,2014-04-06,6084.0,-18.5
231,2014-04-07,5822.0,-262.0
232,2014-04-09,5836.5,14.5
233,2014-04-10,6175.5,339.0
234,2014-04-11,6038.0,-137.5
235,2014-04-13,6006.0,-32.0
236,2014-04-15,6032.0,26.0
237,2014-04-16,6091.0,59.0
238,2014-04-17,6197.0,106.0
239,2014-04-18,6311.5,114.5
240,2014-04-20,6327.5,16.0
241,2014-04-21,6146.5,-181.0
242,2014-04-22,5970.5,-176.0
243,2014-04-23,6068.5,98.0
244,2014-04-25,6217.0,148.5
245,2014-04-27,6218.5,1.5
246,2014-04-28,6287.0,68.5
247,2014-04-29,6314.0,27.0
248,2014-04-30,6357.0,43.0
249,2014-05-02,6424.5,67.5
250,2014-05-04,6106.5,-318.0
251,2014-05-05,5947.0,-159.5
252,2014-05-06,5976.5,29.5
253,2014-05-07,6098.0,121.5
254,2014-05-08,6012.0,-86.0
255,2014-05-09,6189.0,177.0
256,2014-05-11,6180.5,-8.5
257,2014-05-12,6172.5,-8.0
258,2014-05-13,5970.5,-202.0
259,2014-05-15,6240.5,270.0
260,2014-05-16,6198.5,-42.0
261,2014-05-18,6225.5,27.0
262,2014-05-19,6310.0,84.5
263,2014-05-20,6425.5,115.5
264,2014-05-21,6292.0,-133.5
265,2014-05-22,5855.5,-436.5
266,2014-05-23,5762.5,-93.0
267,2014-05-25,5652.0,-110.5
268,2014-05-26,6052.0,400.0
269,2014-05-27,6100.5,48.5
270,2014-05-28,5934.5,-166.0
271,2014-05-30,5823.0,-111.5
272,2014-06-01,5707.5,-115.5
273,2014-06-02,5573.5,-134.0
274,2014-06-03,5817.0,243.5
275,2014-06-04,5787.5,-29.5
276,2014-06-05,5887.5,100.0
277,2014-06-06,6001.0,113.5
278,2014-06-08,5908.0,-93.0
279,2014-06-09,5781.5,-126.5
280,2014-06-10,5956.5,175.0
281,2014-06-11,5819.0,-137.5
282,2014-06-12,5881.5,62.5
283,2014-06-13,5754.0,-127.5
284,2014-06-15,5905.5,151.5
285,2014-06-16,5699.5,-206.0
286,2014-06-17,5788.0,88.5
287,2014-06-18,5746.5,-41.5
288,2014-06-19,5978.0,231.5
289,2014-06-20,5986.0,8.0
290,2014-06-23,5540.0,-446.0
291,2014-06-24,5347.0,-193.0
292,2014-06-25,5283.5,-63.5
293,2014-06-26,5396.0,112.5
294,2014-06-27,5261.5,-134.5
295,2014-06-29,3992.5,-1269.0
296,2014-06-30,5409.5,1417.0
297,2014-07-01,5226.5,-183.0
298,2014-07-02,4998.5,-228.0
299,2014-07-03,5138.5,140.0
300,2014-07-04,4998.0,-140.5
301,2014-07-05,5065.0,67.0
302,2014-07-06,5127.0,62.0
303,2014-07-07,5020.0,-107.0
304,2014-07-08,5100.0,80.0
305,2014-07-09,4985.0,-115.0
306,2014-07-10,5117.0,132.0
307,2014-07-11,5259.5,142.5
308,2014-07-12,5005.5,-254.0
309,2014-07-13,4959.0,-46.5
310,2014-07-14,5044.0,85.0
311,2014-07-15,4910.0,-134.0
312,2014-07-16,5183.0,273.0
313,2014-07-17,5233.0,50.0
314,2014-07-18,5327.0,94.0
315,2014-07-19,4687.5,-639.5
316,2014-07-20,5187.0,499.5
317,2014-07-21,5279.0,92.0
318,2014-07-22,5213.0,-66.0
319,2014-07-23,5225.5,12.5
320,2014-07-24,5282.5,57.0
321,2014-07-25,5282.5,0.0
322,2014-07-26,5378.5,96.0
323,2014-07-27,5404.5,26.0
324,2014-07-28,5347.5,-57.0
325,2014-07-29,5483.5,136.0
326,2014-07-30,5457.5,-26.0
327,2014-07-31,5406.0,-51.5
328,2014-08-01,5260.0,-146.0
329,2014-08-02,4759.0,-501.0
330,2014-08-03,5122.5,363.5
331,2014-08-04,5173.5,51.0
332,2014-08-05,5056.0,-117.5
333,2014-08-06,5106.5,50.5
334,2014-08-07,4966.0,-140.5
335,2014-08-08,5029.5,63.5
336,2014-08-09,5036.5,7.0
337,2014-08-10,5077.5,41.0
338,2014-08-11,5079.0,1.5
339,2014-08-12,5001.5,-77.5
340,2014-08-13,4854.0,-147.5
341,2014-08-14,4813.0,-41.0
342,2014-08-15,4596.5,-216.5
343,2014-08-16,4590.5,-6.0
344,2014-08-17,4689.5,99.0
345,2014-08-18,4841.5,152.0
346,2014-08-19,4919.5,78.0
347,2014-08-20,4878.5,-41.0
348,2014-08-21,5089.0,210.5
349,2014-08-22,5091.5,2.5
350,2014-08-23,5095.0,3.5
351,2014-08-24,5101.5,6.5
352,2014-08-25,5159.5,58.0
353,2014-08-26,5259.0,99.5
354,2014-08-27,5449.5,190.5
355,2014-08-28,5235.5,-214.0
356,2014-08-29,5363.5,128.0
357,2014-08-31,4954.0,-409.5
358,2014-09-01,5414.0,460.0
359,2014-09-02,5317.0,-97.0
360,2014-09-03,5299.0,-18.0
361,2014-09-04,5388.5,89.5
362,2014-09-05,5325.5,-63.0
363,2014-09-06,5384.5,59.0
364,2014-09-07,5292.5,-92.0
365,2014-09-08,5017.5,-275.0
366,2014-09-09,5384.0,366.5
367,2014-09-10,5633.5,249.5
368,2014-09-11,5596.5,-37.0
369,2014-09-12,5606.5,10.0
370,2014-09-13,5605.5,-1.0
371,2014-09-14,5086.0,-519.5
372,2014-09-15,5936.5,850.5
373,2014-09-16,5850.0,-86.5
374,2014-09-17,5776.5,-73.5
375,2014-09-18,5650.5,-126.0
376,2014-09-19,5769.0,118.5
377,2014-09-20,5870.5,101.5
378,2014-09-21,5891.0,20.5
379,2014-09-22,5982.5,91.5
380,2014-09-23,6105.5,123.0
381,2014-09-24,5926.0,-179.5
382,2014-09-26,6332.5,406.5
383,2014-09-28,6353.5,21.0
384,2014-09-29,6148.0,-205.5
385,2014-09-30,6467.0,319.0
386,2014-10-08,6060.0,-407.0
387,2014-10-09,6074.5,14.5
388,2014-10-10,5760.0,-314.5
389,2014-10-12,5827.5,67.5
390,2014-10-13,5846.5,19.0
391,2014-10-14,6215.5,369.0
392,2014-10-15,4046.0,-2169.5
393,2014-10-16,5827.5,1781.5
394,2014-10-17,5814.5,-13.0
395,2014-10-19,5822.5,8.0
396,2014-10-20,5783.5,-39.0
397,2014-10-21,6029.5,246.0
398,2014-10-22,6377.5,348.0
399,2014-10-23,5985.0,-392.5
400,2014-10-24,5812.5,-172.5
401,2014-10-25,5281.0,-531.5
402,2014-10-26,4047.5,-1233.5
403,2014-10-27,3925.5,-122.0
404,2014-10-28,3951.0,25.5
405,2014-10-29,4685.0,734.0
406,2014-10-30,5307.0,622.0
407,2014-10-31,5056.0,-251.0
408,2014-11-01,5464.5,408.5
409,2014-11-02,5592.5,128.0
410,2014-11-03,5202.0,-390.5
411,2014-11-04,5461.5,259.5
412,2014-11-05,5520.0,58.5
413,2014-11-06,5551.0,31.0
414,2014-11-07,5638.0,87.0
415,2014-11-08,5662.0,24.0
416,2014-11-09,5538.0,-124.0
417,2014-11-10,5548.5,10.5
418,2014-11-11,5472.0,-76.5
419,2014-11-12,5450.5,-21.5
420,2014-11-13,5425.0,-25.5
421,2014-11-14,5250.5,-174.5
422,2014-11-15,5241.0,-9.5
423,2014-11-16,5321.0,80.0
424,2014-11-17,5504.0,183.0
425,2014-11-18,5447.0,-57.0
426,2014-11-19,5341.5,-105.5
427,2014-11-20,6157.5,816.0
428,2014-11-21,6349.5,192.0
429,2014-11-22,4944.0,-1405.5
430,2014-11-23,5422.5,478.5
431,2014-11-24,5384.0,-38.5
432,2014-11-25,5399.0,15.0
433,2014-11-26,5440.5,41.5
434,2014-11-27,5164.0,-276.5
435,2014-11-28,5522.5,358.5
436,2014-11-29,5697.5,175.0
437,2014-11-30,5204.5,-493.0
438,2014-12-01,5687.0,482.5
439,2014-12-02,6279.5,592.5
440,2014-12-03,6190.0,-89.5
441,2014-12-04,5160.5,-1029.5
442,2014-12-05,5659.5,499.0
443,2014-12-06,6122.5,463.0
444,2014-12-07,5228.5,-894.0
445,2014-12-08,5277.0,48.5
446,2014-12-09,5087.5,-189.5
447,2014-12-10,4821.5,-266.0
448,2014-12-11,5399.5,578.0
449,2014-12-12,5305.5,-94.0
450,2014-12-13,5385.0,79.5
451,2014-12-14,5348.5,-36.5
452,2014-12-15,5490.0,141.5
453,2014-12-16,5519.0,29.0
454,2014-12-17,5367.0,-152.0
455,2014-12-18,5710.5,343.5
456,2014-12-19,5672.0,-38.5
457,2014-12-21,5531.5,-140.5
458,2014-12-22,5487.5,-44.0
459,2014-12-23,5599.0,111.5
460,2014-12-24,5615.5,16.5
461,2014-12-25,5123.0,-492.5
462,2014-12-26,5458.5,335.5
463,2014-12-27,5835.0,376.5
464,2014-12-28,5592.5,-242.5
465,2014-12-29,6008.0,415.5
466,2014-12-30,5835.0,-173.0
467,2014-12-31,6279.5,444.5
468,2015-01-01,6303.0,23.5
469,2015-01-02,6247.5,-55.5
470,2015-01-03,5835.0,-412.5
471,2015-01-04,6151.0,316.0
472,2015-01-05,6175.5,24.5
473,2015-01-06,5917.0,-258.5
474,2015-01-07,5854.5,-62.5
475,2015-01-08,5555.5,-299.0
476,2015-01-09,5903.5,348.0
477,2015-01-11,5806.5,-97.0
478,2015-01-12,6019.0,212.5
479,2015-01-13,6400.0,381.0
480,2015-01-14,6366.5,-33.5
481,2015-01-15,4802.5,-1564.0
482,2015-01-16,5979.5,1177.0
483,2015-01-17,5798.5,-181.0
484,2015-01-18,5565.0,-233.5
485,2015-01-19,6112.0,547.0
486,2015-01-20,5130.0,-982.0
487,2015-01-21,5569.0,439.0
488,2015-01-22,5786.0,217.0
489,2015-01-23,5786.0,0.0
490,2015-01-25,5501.0,-285.0
491,2015-01-26,5346.0,-155.0
492,2015-01-27,5354.5,8.5
493,2015-01-28,5620.0,265.5
494,2015-01-29,5931.0,311.0
495,2015-01-31,5885.0,-46.0
496,2015-02-01,5664.5,-220.5
497,2015-02-02,5711.0,46.5
498,2015-02-03,5707.5,-3.5
499,2015-02-04,5445.0,-262.5
500,2015-02-05,5325.5,-119.5
501,2015-02-06,5573.0,247.5
502,2015-02-07,5681.5,108.5
503,2015-02-08,5581.5,-100.0
504,2015-02-09,5426.5,-155.0
505,2015-02-10,5694.0,267.5
506,2015-02-11,5806.5,112.5
507,2015-02-12,5830.0,23.5
508,2015-02-13,5664.0,-166.0
509,2015-02-14,5742.0,78.0
510,2015-02-15,5739.5,-2.5
511,2015-02-16,5635.5,-104.0
512,2015-02-18,6093.0,457.5
513,2015-02-19,5890.5,-202.5
514,2015-02-20,5772.5,-118.0
515,2015-02-22,6133.0,360.5
516,2015-02-23,6233.0,100.0
517,2015-02-24,5655.0,-578.0
518,2015-02-25,5033.0,-622.0
519,2015-02-26,5013.5,-19.5
520,2015-02-27,5435.0,421.5
521,2015-03-01,5447.0,12.0
522,2015-03-02,5221.5,-225.5
523,2015-03-03,5682.5,461.0
524,2015-03-06,5635.5,-47.0
525,2015-03-09,5154.0,-481.5
526,2015-03-10,5490.5,336.5
527,2015-03-11,5292.0,-198.5
528,2015-03-12,5422.0,130.0
529,2015-03-13,5457.5,35.5
530,2015-03-14,5704.0,246.5
531,2015-03-15,1707.0,-3997.0
532,2015-03-16,5577.5,3870.5
533,2015-03-17,6182.0,604.5
534,2015-03-18,6155.0,-27.0
535,2015-03-19,6286.0,131.0
536,2015-03-20,6294.5,8.5
537,2015-03-21,6156.0,-138.5
538,2015-03-22,6186.5,30.5
539,2015-03-23,6149.0,-37.5
540,2015-03-24,5454.0,-695.0
541,2015-03-25,6017.5,563.5
542,2015-03-26,5322.0,-695.5
543,2015-03-27,5257.0,-65.0
544,2015-03-28,5263.5,6.5
545,2015-03-29,5190.0,-73.5
546,2015-03-30,5747.5,557.5
547,2015-03-31,5819.5,72.0
548,2015-04-01,5778.0,-41.5
549,2015-04-02,5440.5,-337.5
550,2015-04-03,5932.5,492.0
551,2015-04-04,5831.0,-101.5
552,2015-04-05,5769.5,-61.5
553,2015-04-06,5779.0,9.5
554,2015-04-07,5689.5,-89.5
555,2015-04-08,5656.0,-33.5
556,2015-04-10,6072.5,416.5
557,2015-04-12,5707.0,-365.5
558,2015-04-13,5625.0,-82.0
559,2015-04-14,5686.5,61.5
560,2015-04-15,5822.5,136.0
561,2015-04-16,5686.5,-136.0
562,2015-04-17,5669.0,-17.5
563,2015-04-18,5608.0,-61.0
564,2015-04-19,5205.0,-403.0
565,2015-04-20,5631.5,426.5
566,2015-04-21,5349.5,-282.0
567,2015-04-22,5233.0,-116.5
568,2015-04-23,5536.5,303.5
569,2015-04-24,5883.0,346.5
570,2015-04-25,5533.5,-349.5
571,2015-04-26,5626.0,92.5
572,2015-04-27,5656.0,30.0
573,2015-04-28,5826.0,170.0
574,2015-04-29,5650.5,-175.5
575,2015-04-30,5295.5,-355.0
576,2015-05-01,4865.5,-430.0
577,2015-05-02,4673.0,-192.5
578,2015-05-03,5028.5,355.5
579,2015-05-04,5123.5,95.0
580,2015-05-05,5414.5,291.0
581,2015-05-06,5468.5,54.0
582,2015-05-07,5435.5,-33.0
583,2015-05-08,5231.5,-204.0
584,2015-05-10,4745.0,-486.5
585,2015-05-11,5074.5,329.5
586,2015-05-12,5116.0,41.5
587,2015-05-13,4914.5,-201.5
588,2015-05-14,5051.5,137.0
589,2015-05-15,5024.0,-27.5
590,2015-05-16,5009.0,-15.0
591,2015-05-17,4919.5,-89.5
592,2015-05-18,4911.0,-8.5
593,2015-05-19,4976.5,65.5
594,2015-05-20,4960.5,-16.0
595,2015-05-21,4951.0,-9.5
596,2015-05-22,5041.0,90.0
597,2015-05-23,4931.5,-109.5
598,2015-05-24,4899.5,-32.0
599,2015-05-25,4850.5,-49.0
600,2015-05-26,4881.0,30.5
601,2015-05-27,4865.5,-15.5
602,2015-05-28,4905.0,39.5
603,2015-05-29,4933.0,28.0
604,2015-05-30,5111.5,178.5
605,2015-05-31,4660.0,-451.5
606,2015-06-01,4681.5,21.5
607,2015-06-02,4687.0,5.5
608,2015-06-03,4692.5,5.5
609,2015-06-04,4844.0,151.5
610,2015-06-05,4876.5,32.5
611,2015-06-06,5020.5,144.0
612,2015-06-07,5094.0,73.5
613,2015-06-08,5113.0,19.0
614,2015-06-09,5110.5,-2.5
615,2015-06-10,5081.0,-29.5
616,2015-06-11,5394.5,313.5
617,2015-06-12,5309.0,-85.5
618,2015-06-13,5529.5,220.5
619,2015-06-14,5309.0,-220.5
620,2015-06-15,5246.0,-63.0
621,2015-06-16,5262.0,16.0
622,2015-06-17,5253.5,-8.5
623,2015-06-18,5121.0,-132.5
624,2015-06-19,5221.5,100.5
625,2015-06-20,5228.5,7.0
626,2015-06-21,5056.5,-172.0
627,2015-06-22,5051.0,-5.5
628,2015-06-23,5000.0,-51.0
629,2015-06-24,5158.0,158.0
630,2015-06-25,5114.5,-43.5
631,2015-06-26,5107.0,-7.5
632,2015-06-27,5131.5,24.5
633,2015-06-28,5262.0,130.5
634,2015-06-29,5327.5,65.5
635,2015-06-30,5388.5,61.0
636,2015-07-01,5539.0,150.5
637,2015-07-02,5568.0,29.0
638,2015-07-03,5521.0,-47.0
639,2015-07-04,5849.5,328.5
640,2015-07-05,5502.5,-347.0
641,2015-07-06,5617.0,114.5
642,2015-07-07,5613.5,-3.5
643,2015-07-08,5552.5,-61.0
644,2015-07-09,5421.0,-131.5
645,2015-07-10,5398.5,-22.5
646,2015-07-11,5583.0,184.5
647,2015-07-12,5521.0,-62.0
648,2015-07-13,5421.5,-99.5
649,2015-07-14,5420.5,-1.0
650,2015-07-15,5348.5,-72.0
651,2015-07-16,5454.5,106.0
652,2015-07-17,5602.5,148.0
653,2015-07-18,5528.5,-74.0
654,2015-07-19,5566.5,38.0
655,2015-07-20,5508.5,-58.0
656,2015-07-21,6060.0,551.5
657,2015-07-22,5403.0,-657.0
658,2015-07-23,5317.5,-85.5
659,2015-07-24,5368.5,51.0
660,2015-07-25,5284.0,-84.5
661,2015-07-26,5609.0,325.0
662,2015-07-27,5311.5,-297.5
663,2015-07-28,5325.5,14.0
664,2015-07-29,5368.0,42.5
665,2015-07-30,5299.0,-69.0
666,2015-07-31,5362.5,63.5
667,2015-08-01,5381.5,19.0
668,2015-08-02,5467.5,86.0
669,2015-08-03,5355.0,-112.5
670,2015-08-04,5577.5,222.5
671,2015-08-05,5590.5,13.0
672,2015-08-06,5586.5,-4.0
673,2015-08-07,5604.0,17.5
674,2015-08-08,5650.0,46.0
675,2015-08-09,5584.5,-65.5
676,2015-08-10,5646.5,62.0
677,2015-08-11,5558.0,-88.5
678,2015-08-12,5533.5,-24.5
679,2015-08-13,5513.5,-20.0
680,2015-08-14,5480.5,-33.0
681,2015-08-15,5607.0,126.5
682,2015-08-16,5548.0,-59.0
683,2015-08-17,5468.0,-80.0
684,2015-08-18,5458.0,-10.0
685,2015-08-19,5439.0,-19.0
686,2015-08-20,5404.0,-35.0
687,2015-08-21,5387.0,-17.0
688,2015-08-22,5420.0,33.0
689,2015-08-23,5394.0,-26.0
690,2015-08-24,5451.0,57.0
691,2015-08-25,5351.5,-99.5
692,2015-08-26,5345.5,-6.0
693,2015-08-27,5393.0,47.5
694,2015-08-28,5229.0,-164.0
695,2015-08-29,5498.5,269.5
696,2015-08-30,5351.5,-147.0
697,2015-08-31,5384.5,33.0
698,2015-09-01,5390.0,5.5
699,2015-09-02,5222.5,-167.5
700,2015-09-03,5436.0,213.5
701,2015-09-04,5477.0,41.0
702,2015-09-05,5455.0,-22.0
703,2015-09-06,5394.0,-61.0
704,2015-09-07,5444.5,50.5
705,2015-09-08,5510.5,66.0
706,2015-09-09,5468.0,-42.5
707,2015-09-10,5484.5,16.5
708,2015-09-11,5458.0,-26.5
709,2015-09-12,5559.0,101.0
710,2015-09-13,5645.0,86.0
711,2015-09-14,5744.5,99.5
712,2015-09-15,5643.0,-101.5
713,2015-09-16,5547.0,-96.0
714,2015-09-17,5404.5,-142.5
715,2015-09-18,5376.5,-28.0
716,2015-09-19,5664.5,288.0
717,2015-09-20,5576.5,-88.0
718,2015-09-21,5594.0,17.5
719,2015-09-22,5602.5,8.5
720,2015-09-23,5353.5,-249.0
721,2015-09-24,5790.0,436.5
722,2015-09-25,5862.5,72.5
723,2015-09-26,6051.5,189.0
724,2015-09-27,6093.0,41.5
725,2015-09-28,6062.5,-30.5
726,2015-09-29,6071.5,9.0
727,2015-09-30,6098.0,26.5
728,2015-10-01,6209.0,111.0
729,2015-10-02,6351.0,142.0
730,2015-10-03,6381.5,30.5
731,2015-10-04,6390.0,8.5
732,2015-10-05,6351.5,-38.5
733,2015-10-06,6460.0,108.5
734,2015-10-07,6545.0,85.0
735,2015-10-08,6561.0,16.0
736,2015-10-09,6608.5,47.5
737,2015-10-10,6745.5,137.0
738,2015-10-11,6825.0,79.5
739,2015-10-12,5911.0,-914.0
740,2015-10-13,5720.0,-191.0
741,2015-10-14,6733.5,1013.5
742,2015-10-15,5816.0,-917.5
743,2015-10-16,6210.0,394.0
744,2015-10-17,6244.0,34.0
745,2015-10-18,5833.0,-411.0
746,2015-10-19,5971.5,138.5
747,2015-10-20,6012.5,41.0
748,2015-10-21,5875.0,-137.5
749,2015-10-22,6635.0,760.0
750,2015-10-23,6552.5,-82.5
751,2015-10-24,6451.0,-101.5
752,2015-10-25,6067.0,-384.0
753,2015-10-26,5744.0,-323.0
754,2015-10-27,5813.5,69.5
755,2015-10-28,5906.0,92.5
756,2015-10-29,5661.0,-245.0
757,2015-10-30,5664.5,3.5
758,2015-10-31,5982.5,318.0
759,2015-11-01,5587.0,-395.5
760,2015-11-02,5787.0,200.0
761,2015-11-03,5739.5,-47.5
762,2015-11-04,5840.0,100.5
763,2015-11-05,5857.5,17.5
764,2015-11-06,5852.5,-5.0
765,2015-11-07,5993.0,140.5
766,2015-11-08,5982.5,-10.5
767,2015-11-09,5998.5,16.0
768,2015-11-10,6005.0,6.5
769,2015-11-11,6042.5,37.5
770,2015-11-12,6235.5,193.0
771,2015-11-13,4220.5,-2015.0
772,2015-11-14,5459.0,1238.5
773,2015-11-15,5841.5,382.5
774,2015-11-16,5722.5,-119.0
775,2015-11-17,5875.0,152.5
776,2015-11-18,5818.5,-56.5
777,2015-11-19,5705.0,-113.5
778,2015-11-20,5566.0,-139.0
779,2015-11-21,5633.0,67.0
780,2015-11-22,5811.0,178.0
781,2015-11-23,5840.0,29.0
782,2015-11-24,5786.0,-54.0
783,2015-11-25,5803.5,17.5
784,2015-11-26,5854.5,51.0
785,2015-11-27,5912.0,57.5
786,2015-11-28,5837.5,-74.5
787,2015-11-29,5714.5,-123.0
788,2015-11-30,5610.5,-104.0
789,2015-12-01,5616.5,6.0
790,2015-12-02,5680.5,64.0
791,2015-12-03,5716.0,35.5
792,2015-12-04,5604.0,-112.0
793,2015-12-05,5758.0,154.0
794,2015-12-06,5736.0,-22.0
795,2015-12-07,5728.5,-7.5
796,2015-12-08,5714.5,-14.0
797,2015-12-09,5856.5,142.0
798,2015-12-10,5800.0,-56.5
799,2015-12-11,5795.0,-5.0
800,2015-12-12,5809.5,14.5
801,2015-12-13,5816.5,7.0
802,2015-12-14,5729.0,-87.5
803,2015-12-15,5812.5,83.5
804,2015-12-16,5790.0,-22.5
805,2015-12-17,5654.5,-135.5
806,2015-12-18,5832.5,178.0
807,2015-12-19,5857.0,24.5
808,2015-12-20,5876.5,19.5
809,2015-12-21,5990.0,113.5
810,2015-12-22,5995.5,5.5
811,2015-12-23,5939.5,-56.0
812,2015-12-24,6119.5,180.0
813,2015-12-25,6104.5,-15.0
814,2015-12-26,6333.0,228.5
815,2015-12-27,5752.0,-581.0
816,2015-12-28,6220.5,468.5
817,2015-12-29,6353.5,133.0
818,2015-12-30,6478.0,124.5
819,2015-12-31,6411.5,-66.5
820,2016-01-01,6238.5,-173.0
821,2016-01-02,6294.5,56.0
822,2016-01-03,6237.0,-57.5
823,2016-01-04,6406.5,169.5
824,2016-01-05,6009.0,-397.5
825,2016-01-06,6059.0,50.0
826,2016-01-07,6059.5,0.5
827,2016-01-08,6068.0,8.5
828,2016-01-09,6152.0,84.0
829,2016-01-10,5974.0,-178.0
830,2016-01-11,5957.0,-17.0
831,2016-01-12,5861.5,-95.5
832,2016-01-13,6008.0,146.5
833,2016-01-14,6047.0,39.0
834,2016-01-15,6005.5,-41.5
835,2016-01-16,5935.5,-70.0
836,2016-01-17,5954.5,19.0
837,2016-01-18,6000.5,46.0
838,2016-01-19,6010.5,10.0
839,2016-01-20,5927.5,-83.0
840,2016-01-21,5912.5,-15.0
841,2016-01-22,5975.0,62.5
842,2016-01-23,5834.0,-141.0
843,2016-01-24,5950.0,116.0
844,2016-01-25,5938.5,-11.5
845,2016-01-26,6039.5,101.0
846,2016-01-27,6079.0,39.5
847,2016-01-28,5936.5,-142.5
848,2016-01-29,6038.5,102.0
849,2016-01-30,5925.0,-113.5
850,2016-01-31,5984.0,59.0
851,2016-02-01,5860.0,-124.0
852,2016-02-02,6002.5,142.5
853,2016-02-03,5980.0,-22.5
854,2016-02-04,5965.0,-15.0
855,2016-02-05,5632.5,-332.5
856,2016-02-06,5748.0,115.5
857,2016-02-07,5798.5,50.5
858,2016-02-08,5799.0,0.5
859,2016-02-09,5727.0,-72.0
860,2016-02-10,5730.0,3.0
861,2016-02-11,5832.5,102.5
862,2016-02-12,5826.5,-6.0
863,2016-02-13,5652.0,-174.5
864,2016-02-14,5783.0,131.0
865,2016-02-15,5679.5,-103.5
866,2016-02-16,5709.0,29.5
867,2016-02-17,5692.5,-16.5
868,2016-02-18,5645.0,-47.5
869,2016-02-19,5639.0,-6.0
870,2016-02-20,5336.5,-302.5
871,2016-02-21,5671.5,335.0
872,2016-02-22,5501.5,-170.0
873,2016-02-23,5528.0,26.5
874,2016-02-24,5473.0,-55.0
875,2016-02-25,5507.0,34.0
876,2016-02-26,5446.5,-60.5
877,2016-02-27,5426.0,-20.5
878,2016-02-28,5564.5,138.5
879,2016-02-29,5570.5,6.0
880,2016-03-01,5655.5,85.0
881,2016-03-02,5775.0,119.5
882,2016-03-04,5803.0,28.0
883,2016-03-05,5638.5,-164.5
884,2016-03-06,5865.5,227.0
885,2016-03-07,6026.5,161.0
886,2016-03-08,5855.5,-171.0
887,2016-03-09,5706.5,-149.0
888,2016-03-10,5766.5,60.0
889,2016-03-11,5776.5,10.0
890,2016-03-12,5815.5,39.0
891,2016-03-13,5950.5,135.0
892,2016-03-15,5847.5,-103.0
893,2016-03-16,6042.5,195.0
894,2016-03-17,5899.0,-143.5
895,2016-03-18,5996.5,97.5
896,2016-03-19,5784.5,-212.0
897,2016-03-20,6047.5,263.0
898,2016-03-21,5995.0,-52.5
899,2016-03-22,6004.5,9.5
900,2016-03-23,6030.0,25.5
901,2016-03-24,6040.0,10.0
902,2016-03-25,5972.5,-67.5
903,2016-03-26,5969.0,-3.5
904,2016-03-27,6097.5,128.5
905,2016-03-28,6140.0,42.5
906,2016-03-29,5902.5,-237.5
907,2016-03-30,6085.0,182.5
908,2016-03-31,6179.0,94.0
909,2016-04-01,6030.0,-149.0
910,2016-04-02,5969.0,-61.0
911,2016-04-03,6020.0,51.0
912,2016-04-04,6126.0,106.0
913,2016-04-05,6200.0,74.0
914,2016-04-06,6312.5,112.5
915,2016-04-07,6213.5,-99.0
916,2016-04-08,6195.0,-18.5
917,2016-04-09,6292.0,97.0
918,2016-04-10,6295.5,3.5
919,2016-04-11,7008.5,713.0
920,2016-04-12,7300.5,292.0
921,2016-04-13,7376.0,75.5
922,2016-04-14,7300.0,-76.0
923,2016-04-15,7246.5,-53.5
924,2016-04-16,7247.5,1.0
925,2016-04-17,7212.5,-35.0
926,2016-04-18,6946.0,-266.5
927,2016-04-19,6756.0,-190.0
928,2016-04-20,6691.0,-65.0
929,2016-04-21,6679.5,-11.5
930,2016-04-22,6756.0,76.5
931,2016-04-23,6739.0,-17.0
932,2016-04-24,6771.5,32.5
933,2016-04-25,6710.0,-61.5
934,2016-04-26,6908.5,198.5
935,2016-04-27,7134.0,225.5
936,2016-04-28,6945.0,-189.0
937,2016-04-29,7166.0,221.0
938,2016-04-30,7027.5,-138.5
939,2016-05-01,7046.5,19.0
940,2016-05-02,7148.0,101.5
941,2016-05-03,6997.5,-150.5
942,2016-05-04,6786.5,-211.0
943,2016-05-05,6889.0,102.5
944,2016-05-06,6796.5,-92.5
945,2016-05-07,6565.5,-231.0
946,2016-05-08,6969.0,403.5
947,2016-05-09,6811.0,-158.0
948,2016-05-10,6648.5,-162.5
949,2016-05-11,6768.5,120.0
950,2016-05-12,6761.0,-7.5
951,2016-05-13,6795.0,34.0
952,2016-05-14,6687.0,-108.0
953,2016-05-15,6571.5,-115.5
954,2016-05-16,5979.5,-592.0
955,2016-05-17,6359.0,379.5
956,2016-05-18,6439.0,80.0
957,2016-05-19,6434.0,-5.0
958,2016-05-20,6500.0,66.0
959,2016-05-21,6492.5,-7.5
960,2016-05-22,6674.0,181.5
961,2016-05-23,6366.5,-307.5
962,2016-05-24,6319.0,-47.5
963,2016-05-25,6239.0,-80.0
964,2016-05-26,6472.0,233.0
965,2016-05-27,6334.5,-137.5
966,2016-05-28,6344.5,10.0
967,2016-05-29,6229.5,-115.0
968,2016-05-30,6424.0,194.5
969,2016-05-31,6342.0,-82.0
970,2016-06-01,6326.5,-15.5
971,2016-06-02,6429.5,103.0
972,2016-06-03,6469.5,40.0
973,2016-06-04,6411.0,-58.5
974,2016-06-05,6369.5,-41.5
975,2016-06-06,6307.0,-62.5
976,2016-06-07,6229.5,-77.5
977,2016-06-08,6076.5,-153.0
978,2016-06-09,6099.0,22.5
979,2016-06-10,6021.5,-77.5
980,2016-06-11,5981.5,-40.0
981,2016-06-12,5894.0,-87.5
982,2016-06-13,5902.5,8.5
983,2016-06-14,5877.0,-25.5
984,2016-06-15,5891.0,14.0
985,2016-06-16,5840.5,-50.5
986,2016-06-17,5889.0,48.5
987,2016-06-18,5797.5,-91.5
988,2016-06-19,5716.5,-81.0
989,2016-06-20,5456.5,-260.0
990,2016-06-21,5556.5,100.0
991,2016-06-22,5551.5,-5.0
992,2016-06-23,5589.0,37.5
993,2016-06-24,5719.0,130.0
994,2016-06-25,5636.0,-83.0
995,2016-06-26,5847.0,211.0
996,2016-06-27,5718.5,-128.5
997,2016-06-28,5934.5,216.0
998,2016-06-29,5961.5,27.0
999,2016-06-30,5904.0,-57.5
1000,2016-07-01,5945.5,41.5
1001,2016-07-02,6246.5,301.0
1002,2016-07-03,5892.5,-354.0
1003,2016-07-04,5949.5,57.0
1004,2016-07-05,5954.0,4.5
1005,2016-07-06,6374.0,420.0
1006,2016-07-07,5979.0,-395.0
1007,2016-07-08,6374.0,395.0
1008,2016-07-09,6072.5,-301.5
1009,2016-07-10,6331.5,259.0
1010,2016-07-11,6248.0,-83.5
1011,2016-07-12,6420.5,172.5
1012,2016-07-13,6423.0,2.5
1013,2016-07-14,6303.0,-120.0
1014,2016-07-15,6154.5,-148.5
1015,2016-07-16,6329.5,175.0
1016,2016-07-17,6149.5,-180.0
1017,2016-07-18,6163.0,13.5
1018,2016-07-19,6150.5,-12.5
1019,2016-07-20,5980.5,-170.0
1020,2016-07-21,6178.0,197.5
1021,2016-07-22,6107.0,-71.0
1022,2016-07-23,6065.0,-42.0
1023,2016-07-24,6308.0,243.0
1024,2016-07-25,6261.5,-46.5
1025,2016-07-26,6394.0,132.5
1026,2016-07-27,6539.0,145.0
1027,2016-07-28,6509.0,-30.0
1028,2016-07-29,6501.5,-7.5
1029,2016-07-30,6528.0,26.5
1030,2016-07-31,6436.5,-91.5
1031,2016-08-01,6324.0,-112.5
1032,2016-08-02,6205.0,-119.0
1033,2016-08-03,6432.5,227.5
1034,2016-08-04,6434.5,2.0
1035,2016-08-05,6945.0,510.5
1036,2016-08-06,6903.5,-41.5
1037,2016-08-07,7146.0,242.5
1038,2016-08-08,7145.5,-0.5
1039,2016-08-09,7235.0,89.5
1040,2016-08-10,7111.5,-123.5
1041,2016-08-11,7207.5,96.0
1042,2016-08-12,7207.0,-0.5
1043,2016-08-13,7177.5,-29.5
1044,2016-08-14,7096.0,-81.5
1045,2016-08-15,7126.0,30.0
1046,2016-08-16,6978.5,-147.5
1047,2016-08-17,6979.0,0.5
1048,2016-08-18,6961.5,-17.5
1049,2016-08-19,7011.5,50.0
1050,2016-08-20,6960.5,-51.0
1051,2016-08-21,6778.0,-182.5
1052,2016-08-22,6637.5,-140.5
1053,2016-08-23,6695.5,58.0
1054,2016-08-24,6639.0,-56.5
1055,2016-08-25,7894.0,1255.0
1056,2016-08-26,6598.0,-1296.0
1057,2016-08-27,6769.5,171.5
1058,2016-08-28,6818.0,48.5
1059,2016-08-29,6856.5,38.5
1060,2016-08-30,6771.5,-85.0
1061,2016-08-31,6864.0,92.5
1062,2016-09-01,6856.5,-7.5
1063,2016-09-02,6869.0,12.5
1064,2016-09-03,6999.0,130.0
1065,2016-09-04,6530.5,-468.5
1066,2016-09-05,6664.0,133.5
1067,2016-09-06,6607.5,-56.5
1068,2016-09-07,6511.5,-96.0
1069,2016-09-08,6558.0,46.5
1070,2016-09-09,6418.0,-140.0
1071,2016-09-10,6487.5,69.5
1072,2016-09-11,6660.5,173.0
1073,2016-09-12,6432.0,-228.5
1074,2016-09-13,6643.0,211.0
1075,2016-09-14,6410.5,-232.5
1076,2016-09-15,6515.0,104.5
1077,2016-09-16,6587.0,72.0
1078,2016-09-17,6574.5,-12.5
1079,2016-09-18,6867.0,292.5
1080,2016-09-19,6842.0,-25.0
1081,2016-09-20,6844.5,2.5
1082,2016-09-21,6906.0,61.5
1083,2016-09-22,6394.5,-511.5
1084,2016-09-23,6467.0,72.5
1085,2016-09-24,6455.0,-12.0
1086,2016-09-25,6743.5,288.5
1087,2016-09-26,6583.5,-160.0
1088,2016-09-27,6332.0,-251.5
1089,2016-09-28,6472.5,140.5
1090,2016-09-29,6597.0,124.5
1091,2016-09-30,6556.0,-41.0
1092,2016-10-01,6564.0,8.0
1093,2016-10-02,6383.5,-180.5
1094,2016-10-03,6498.5,115.0
1095,2016-10-04,6468.5,-30.0
1096,2016-10-05,6428.5,-40.0
1097,2016-10-06,6623.5,195.0
1098,2016-10-07,6483.5,-140.0
1099,2016-10-08,6453.5,-30.0
1100,2016-10-09,6338.0,-115.5
1101,2016-10-10,6310.0,-28.0
1102,2016-10-11,6353.5,43.5
1103,2016-10-12,5908.5,-445.0
1104,2016-10-13,6083.5,175.0
1105,2016-10-14,6095.5,12.0
1106,2016-10-15,6177.0,81.5
1107,2016-10-16,6328.5,151.5
1108,2016-10-17,6391.0,62.5
1109,2016-10-18,6323.5,-67.5
1110,2016-10-19,6278.5,-45.0
1111,2016-10-20,6277.0,-1.5
1112,2016-10-21,6388.0,111.0
1113,2016-10-22,6314.5,-73.5
1114,2016-10-23,6508.0,193.5
1115,2016-10-24,6407.5,-100.5
1116,2016-10-25,6395.5,-12.0
1117,2016-10-26,6346.5,-49.0
1118,2016-10-27,6284.5,-62.0
1119,2016-10-28,6264.5,-20.0
1120,2016-10-29,6238.5,-26.0
1121,2016-10-30,6414.5,176.0
1122,2016-10-31,6397.0,-17.5
1123,2016-11-01,6273.0,-124.0
1124,2016-11-02,6485.5,212.5
1125,2016-11-03,6650.5,165.0
1126,2016-11-04,6492.5,-158.0
1127,2016-11-05,6515.0,22.5
1128,2016-11-06,6323.5,-191.5
1129,2016-11-07,6025.5,-298.0
1130,2016-11-08,6007.5,-18.0
1131,2016-11-09,5947.5,-60.0
1132,2016-11-10,6020.0,72.5
1133,2016-11-11,6225.0,205.0
1134,2016-11-12,6273.0,48.0
1135,2016-11-13,6197.5,-75.5
1136,2016-11-14,6168.5,-29.0
1137,2016-11-15,6208.0,39.5
1138,2016-11-16,6234.5,26.5
1139,2016-11-17,5755.5,-479.0
1140,2016-11-18,5794.0,38.5
1141,2016-11-19,5924.5,130.5
1142,2016-11-20,5814.0,-110.5
1143,2016-11-21,5921.5,107.5
1144,2016-11-22,5886.5,-35.0
1145,2016-11-23,5849.0,-37.5
1146,2016-11-24,5979.0,130.0
1147,2016-11-25,5940.5,-38.5
1148,2016-11-26,5925.5,-15.0
1149,2016-11-27,6102.0,176.5
1150,2016-11-28,6059.5,-42.5
1151,2016-11-29,5899.5,-160.0
1152,2016-11-30,5754.0,-145.5
1153,2016-12-01,5807.5,53.5
1154,2016-12-02,5824.0,16.5
1155,2016-12-03,5846.0,22.0
1156,2016-12-04,5930.0,84.0
1157,2016-12-05,5891.5,-38.5
1158,2016-12-06,5820.0,-71.5
1159,2016-12-07,5812.5,-7.5
1160,2016-12-08,5797.5,-15.0
1161,2016-12-09,5792.5,-5.0
1162,2016-12-10,5834.0,41.5
1163,2016-12-11,5871.5,37.5
1164,2016-12-12,5888.5,17.0
1165,2016-12-13,5982.0,93.5
1166,2016-12-14,5987.0,5.0
1167,2016-12-15,5995.5,8.5
1168,2016-12-16,5939.5,-56.0
1169,2016-12-17,5876.0,-63.5
1170,2016-12-18,5885.0,9.0
1171,2016-12-19,5791.5,-93.5
1172,2016-12-20,5785.0,-6.5
1173,2016-12-21,5782.0,-3.0
1174,2016-12-22,5694.5,-87.5
1175,2016-12-23,5542.0,-152.5
1176,2016-12-24,5516.5,-25.5
1177,2016-12-25,5572.5,56.0
1178,2016-12-26,5668.5,96.0
1179,2016-12-27,5430.5,-238.0
1180,2016-12-28,5409.5,-21.0
1181,2016-12-29,5314.5,-95.0
1182,2016-12-30,5262.0,-52.5
1183,2016-12-31,5299.0,37.0
1184,2017-01-01,5322.0,23.0
1185,2017-01-02,5376.5,54.5
1186,2017-01-03,5444.5,68.0
1187,2017-01-04,5427.0,-17.5
1188,2017-01-05,5438.5,11.5
1189,2017-01-06,5435.0,-3.5
1190,2017-01-07,5256.0,-179.0
1191,2017-01-08,5432.0,176.0
1192,2017-01-09,5416.0,-16.0
1193,2017-01-10,5493.5,77.5
1194,2017-01-11,5505.5,12.0
1195,2017-01-12,5357.0,-148.5
1196,2017-01-13,5285.5,-71.5
1197,2017-01-14,5414.0,128.5
1198,2017-01-15,5363.0,-51.0
1199,2017-01-16,5626.0,263.0
1200,2017-01-17,5604.0,-22.0
1201,2017-01-18,6885.0,1281.0
1202,2017-01-19,5639.0,-1246.0
1203,2017-01-20,5620.5,-18.5
1204,2017-01-21,5525.0,-95.5
1205,2017-01-22,5697.5,172.5
1206,2017-01-23,5715.0,17.5
1207,2017-01-24,5665.0,-50.0
1208,2017-01-25,5602.5,-62.5
1209,2017-01-26,5663.0,60.5
1210,2017-01-27,5655.5,-7.5
1211,2017-01-28,5649.0,-6.5
1212,2017-01-29,5319.0,-330.0
1213,2017-01-30,5589.5,270.5
1214,2017-01-31,5525.0,-64.5
1215,2017-02-01,5441.0,-84.0
1216,2017-02-02,5452.5,11.5
1217,2017-02-03,5509.0,56.5
1218,2017-02-04,5535.5,26.5
1219,2017-02-05,5369.0,-166.5
1220,2017-02-06,5465.0,96.0
1221,2017-02-07,5413.0,-52.0
1222,2017-02-08,5358.0,-55.0
1223,2017-02-09,5326.5,-31.5
1224,2017-02-10,5399.0,72.5
1225,2017-02-11,5439.5,40.5
1226,2017-02-12,5466.0,26.5
1227,2017-02-13,5480.5,14.5
1228,2017-02-14,5531.0,50.5
1229,2017-02-15,5444.5,-86.5
1230,2017-02-16,5437.0,-7.5
1231,2017-02-17,5379.5,-57.5
1232,2017-02-18,5367.5,-12.0
1233,2017-02-19,5349.5,-18.0
1234,2017-02-20,5313.0,-36.5
1235,2017-02-21,5340.5,27.5
1236,2017-02-22,5337.0,-3.5
1237,2017-02-23,5337.0,0.0
1238,2017-02-25,5415.0,78.0
1239,2017-02-26,5351.0,-64.0
1240,2017-02-27,5414.5,63.5
1241,2017-02-28,5465.5,51.0
1242,2017-03-01,5122.0,-343.5
1243,2017-03-02,5111.5,-10.5
1244,2017-03-04,5340.5,229.0
1245,2017-03-05,5190.5,-150.0
1246,2017-03-06,5231.5,41.0
1247,2017-03-07,5307.0,75.5
1248,2017-03-08,5327.0,20.0
1249,2017-03-09,5399.5,72.5
1250,2017-03-10,5356.0,-43.5
1251,2017-03-11,5341.0,-15.0
1252,2017-03-13,5587.5,246.5
1253,2017-03-14,5556.0,-31.5
1254,2017-03-15,5540.5,-15.5
1255,2017-03-16,5649.5,109.0
1256,2017-03-17,5664.5,15.0
1257,2017-03-18,5692.5,28.0
1258,2017-03-19,5604.5,-88.0
1259,2017-03-20,5503.0,-101.5
1260,2017-03-21,5606.0,103.0
1261,2017-03-22,5639.5,33.5
1262,2017-03-23,5599.0,-40.5
1263,2017-03-24,5593.5,-5.5
1264,2017-03-25,5605.0,11.5
1265,2017-03-26,5598.0,-7.0
1266,2017-03-27,5492.0,-106.0
1267,2017-03-28,5575.0,83.0
1268,2017-03-29,5447.5,-127.5
1269,2017-03-30,5790.5,343.0
1270,2017-03-31,5638.0,-152.5
1271,2017-04-01,5640.0,2.0
1272,2017-04-02,5638.0,-2.0
1273,2017-04-03,5644.0,6.0
1274,2017-04-04,5715.0,71.0
1275,2017-04-05,5722.5,7.5
1276,2017-04-06,5977.0,254.5
1277,2017-04-07,5856.5,-120.5
1278,2017-04-08,5883.5,27.0
1279,2017-04-09,5755.0,-128.5
1280,2017-04-10,6006.5,251.5
1281,2017-04-11,5946.5,-60.0
1282,2017-04-12,5944.5,-2.0
1283,2017-04-13,5951.0,6.5
1284,2017-04-14,6365.0,414.0
1285,2017-04-15,6005.5,-359.5
1286,2017-04-16,6278.0,272.5
1287,2017-04-17,6492.0,214.0
1288,2017-04-18,6164.5,-327.5
1289,2017-04-19,6149.5,-15.0
1290,2017-04-20,6075.5,-74.0
1291,2017-04-21,6387.5,312.0
1292,2017-04-22,6421.0,33.5
1293,2017-04-23,6394.0,-27.0
1294,2017-04-24,6408.0,14.0
1295,2017-04-25,6294.5,-113.5
1296,2017-04-26,6279.5,-15.0
1297,2017-04-27,6092.0,-187.5
1298,2017-04-28,6162.0,70.0
1299,2017-04-29,6211.5,49.5
1300,2017-04-30,6135.5,-76.0
1301,2017-05-01,6184.5,49.0
1302,2017-05-02,6166.0,-18.5
1303,2017-05-03,6278.5,112.5
1304,2017-05-04,6283.0,4.5
1305,2017-05-05,6208.0,-75.0
1306,2017-05-06,6188.0,-20.0
1307,2017-05-07,6115.5,-72.5
1308,2017-05-08,6203.5,88.0
1309,2017-05-09,6202.0,-1.5
1310,2017-05-10,6186.5,-15.5
1311,2017-05-11,6136.5,-50.0
1312,2017-05-12,6066.0,-70.5
1313,2017-05-13,5976.5,-89.5
1314,2017-05-15,6133.0,156.5
1315,2017-05-16,6302.0,169.0
1316,2017-05-17,6313.0,11.0
1317,2017-05-18,6036.0,-277.0
1318,2017-05-19,5831.0,-205.0
1319,2017-05-20,5832.5,1.5
1320,2017-05-21,5807.0,-25.5
1321,2017-05-22,5782.0,-25.0
1322,2017-05-23,5758.0,-24.0
1323,2017-05-24,5793.5,35.5
1324,2017-05-25,5854.5,61.0
1325,2017-05-26,5854.5,0.0
1326,2017-05-27,5863.0,8.5
1327,2017-05-28,6068.0,205.0
1328,2017-05-29,6094.5,26.5
1329,2017-05-30,5968.0,-126.5
1330,2017-05-31,6333.0,365.0
1331,2017-06-01,6260.5,-72.5
1332,2017-06-02,6161.5,-99.0
1333,2017-06-03,6265.0,103.5
1334,2017-06-04,6352.0,87.0
1335,2017-06-05,6363.5,11.5
1336,2017-06-06,6294.5,-69.0
1337,2017-06-07,6354.5,60.0
1338,2017-06-08,6276.5,-78.0
1339,2017-06-09,6290.5,14.0
1340,2017-06-10,6321.5,31.0
1341,2017-06-11,6164.5,-157.0
1342,2017-06-12,6234.5,70.0
1343,2017-06-13,6146.0,-88.5
1344,2017-06-14,6046.0,-100.0
1345,2017-06-15,6084.0,38.0
1346,2017-06-16,5982.5,-101.5
1347,2017-06-17,6114.0,131.5
1348,2017-06-18,6031.5,-82.5
1349,2017-06-19,6028.0,-3.5
1350,2017-06-20,5973.5,-54.5
1351,2017-06-21,5845.0,-128.5
1352,2017-06-22,5834.0,-11.0
1353,2017-06-23,5928.0,94.0
1354,2017-06-24,5928.5,0.5
1355,2017-06-25,5725.5,-203.0
1356,2017-06-26,5684.0,-41.5
1357,2017-06-27,5713.0,29.0
1358,2017-06-28,5737.5,24.5
1359,2017-06-29,5733.0,-4.5
1360,2017-06-30,5613.0,-120.0
1361,2017-07-01,5672.5,59.5
1362,2017-07-02,5672.5,0.0
1363,2017-07-03,5617.0,-55.5
1364,2017-07-04,5674.5,57.5
1365,2017-07-05,5733.0,58.5
1366,2017-07-06,5689.0,-44.0
1367,2017-07-07,5715.0,26.0
1368,2017-07-08,5715.0,0.0
1369,2017-07-09,5972.0,257.0
1370,2017-07-10,5675.5,-296.5
1371,2017-07-11,5828.0,152.5
1372,2017-07-12,5828.5,0.5
1373,2017-07-13,5840.0,11.5
1374,2017-07-14,5899.0,59.0
1375,2017-07-15,5885.0,-14.0
1376,2017-07-16,5896.0,11.0
1377,2017-07-17,5916.5,20.5
1378,2017-07-18,6122.5,206.0
1379,2017-07-19,6081.5,-41.0
1380,2017-07-20,5889.0,-192.5
1381,2017-07-21,5875.5,-13.5
1382,2017-07-22,5763.0,-112.5
1383,2017-07-23,5917.5,154.5
1384,2017-07-24,5917.0,-0.5
1385,2017-07-25,5799.5,-117.5
1386,2017-07-26,5842.5,43.0
1387,2017-07-27,5809.5,-33.0
1388,2017-07-28,5854.5,45.0
1389,2017-07-29,5854.5,0.0
1390,2017-07-30,5866.5,12.0
1391,2017-07-31,5861.5,-5.0
1392,2017-08-01,5716.0,-145.5
1393,2017-08-02,5724.5,8.5
1394,2017-08-03,5770.0,45.5
1395,2017-08-04,5800.0,30.0
1396,2017-08-05,5801.5,1.5
1397,2017-08-06,5836.5,35.0
1398,2017-08-07,5636.5,-200.0
1399,2017-08-08,5670.5,34.0
1400,2017-08-09,5780.5,110.0
1401,2017-08-10,5830.5,50.0
1402,2017-08-11,5781.5,-49.0
1403,2017-08-12,5776.5,-5.0
1404,2017-08-13,5808.0,31.5
1405,2017-08-14,5680.5,-127.5
1406,2017-08-15,5843.0,162.5
1407,2017-08-16,5822.0,-21.0
1408,2017-08-17,5981.5,159.5
1409,2017-08-18,6013.5,32.0
1410,2017-08-19,6023.5,10.0
1411,2017-08-20,5877.0,-146.5
1412,2017-08-21,6188.5,311.5
1413,2017-08-22,6375.5,187.0
1414,2017-08-23,6390.5,15.0
1415,2017-08-24,6156.0,-234.5
1416,2017-08-25,6335.5,179.5
1417,2017-08-26,6335.5,0.0
1418,2017-08-27,6276.5,-59.0
1419,2017-08-28,6199.0,-77.5
1420,2017-08-29,6177.5,-21.5
1421,2017-08-30,6056.5,-121.0
1422,2017-08-31,5980.5,-76.0
1423,2017-09-01,6021.5,41.0
1424,2017-09-02,6021.0,-0.5
1425,2017-09-03,5956.5,-64.5
1426,2017-09-04,5940.5,-16.0
1427,2017-09-05,5943.0,2.5
1428,2017-09-06,5923.0,-20.0
1429,2017-09-07,5886.0,-37.0
1430,2017-09-08,5992.0,106.0
1431,2017-09-09,5987.0,-5.0
1432,2017-09-10,5968.5,-18.5
1433,2017-09-11,5906.5,-62.0
1434,2017-09-12,5901.0,-5.5
1435,2017-09-13,5822.5,-78.5
1436,2017-09-14,5804.5,-18.0
1437,2017-09-15,5859.5,55.0
1438,2017-09-16,5882.0,22.5
1439,2017-09-17,5894.0,12.0
1440,2017-09-18,5897.5,3.5
1441,2017-09-20,5976.5,79.0
1442,2017-09-21,5976.5,0.0
1443,2017-09-22,6395.0,418.5
1444,2017-09-23,6332.5,-62.5
1445,2017-09-24,6021.0,-311.5
1446,2017-09-25,6051.0,30.0
1447,2017-09-26,5986.0,-65.0
1448,2017-09-27,6061.0,75.0
1449,2017-09-28,6163.5,102.5
1450,2017-09-29,6314.5,151.0
1451,2017-09-30,5739.5,-575.0
1452,2017-10-01,5718.0,-21.5
1453,2017-10-02,5796.0,78.0
1454,2017-10-03,6170.0,374.0
1455,2017-10-04,6103.5,-66.5
1456,2017-10-05,6021.0,-82.5
1457,2017-10-06,5942.0,-79.0
1458,2017-10-07,5911.0,-31.0
1459,2017-10-08,6034.5,123.5
1460,2017-10-09,6013.5,-21.0
1461,2017-10-10,6145.5,132.0
1462,2017-10-11,6190.0,44.5
1463,2017-10-12,6231.0,41.0
1464,2017-10-13,6433.5,202.5
1465,2017-10-14,6424.0,-9.5
1466,2017-10-15,6450.5,26.5
1467,2017-10-16,6328.0,-122.5
1468,2017-10-17,6520.5,192.5
1469,2017-10-18,6554.0,33.5
1470,2017-10-19,6544.0,-10.0
1471,2017-10-20,6682.5,138.5
1472,2017-10-21,6888.5,206.0
1473,2017-10-22,7430.0,541.5
1474,2017-10-23,7572.0,142.0
1475,2017-10-24,6984.0,-588.0
1476,2017-10-25,6350.5,-633.5
1477,2017-10-26,6260.5,-90.0
1478,2017-10-27,6340.5,80.0
1479,2017-10-28,6372.5,32.0
1480,2017-10-29,6344.5,-28.0
1481,2017-10-30,6434.5,90.0
1482,2017-10-31,6224.5,-210.0
1483,2017-11-01,6482.0,257.5
1484,2017-11-02,6292.0,-190.0
1485,2017-11-03,6337.0,45.0
1486,2017-11-04,6316.5,-20.5
1487,2017-11-05,6377.0,60.5
1488,2017-11-06,6207.5,-169.5
1489,2017-11-07,6338.5,131.0
1490,2017-11-08,6524.5,186.0
1491,2017-11-09,6456.5,-68.0
1492,2017-11-10,6419.0,-37.5
1493,2017-11-11,6459.5,40.5
1494,2017-11-12,6451.0,-8.5
1495,2017-11-13,6453.0,2.0
1496,2017-11-14,6449.0,-4.0
1497,2017-11-15,6387.5,-61.5
1498,2017-11-16,6194.0,-193.5
1499,2017-11-17,6269.5,75.5
1500,2017-11-18,6204.5,-65.0
1501,2017-11-19,6211.0,6.5
1502,2017-11-20,6127.5,-83.5
1503,2017-11-21,6034.0,-93.5
1504,2017-11-22,5950.5,-83.5
1505,2017-11-23,5910.5,-40.0
1506,2017-11-24,6088.5,178.0
1507,2017-11-25,6111.0,22.5
1508,2017-11-26,6175.0,64.0
1509,2017-11-27,6195.0,20.0
1510,2017-11-28,5998.5,-196.5
1511,2017-11-29,5878.5,-120.0
1512,2017-11-30,5726.5,-152.0
1513,2017-12-01,5714.0,-12.5
1514,2017-12-02,5706.0,-8.0
1515,2017-12-03,6109.0,403.0
1516,2017-12-04,5799.5,-309.5
1517,2017-12-05,5781.0,-18.5
1518,2017-12-06,5634.5,-146.5
1519,2017-12-08,5694.5,60.0
1520,2017-12-09,5694.5,0.0
1521,2017-12-10,5453.0,-241.5
1522,2017-12-11,5496.5,43.5
1523,2017-12-12,5402.5,-94.0
1524,2017-12-13,5227.0,-175.5
1525,2017-12-14,5192.0,-35.0
1526,2017-12-15,5235.5,43.5
1527,2017-12-16,5227.5,-8.0
1528,2017-12-17,5141.0,-86.5
1529,2017-12-18,5058.0,-83.0
1530,2017-12-19,5029.5,-28.5
1531,2017-12-20,4829.5,-200.0
1532,2017-12-27,5001.0,171.5
1533,2017-12-28,5125.5,124.5
1534,2017-12-29,5114.0,-11.5
1535,2017-12-30,5111.5,-2.5
1536,2017-12-31,5201.5,90.0
1537,2018-01-01,5162.5,-39.0
1538,2018-01-02,5086.5,-76.0
1539,2018-01-03,5115.5,29.0
1540,2018-01-04,5101.0,-14.5
1541,2018-01-05,5116.5,15.5
1542,2018-01-06,5113.0,-3.5
1543,2018-01-07,5075.5,-37.5
1544,2018-01-08,5089.5,14.0
1545,2018-01-09,5125.0,35.5
1546,2018-01-10,5515.0,390.0
1547,2018-01-11,5551.5,36.5
1548,2018-01-12,5653.0,101.5
1549,2018-01-13,5633.5,-19.5
1550,2018-01-14,5915.0,281.5
1551,2018-01-16,5680.0,-235.0
1552,2018-01-17,5631.5,-48.5
1553,2018-01-18,5575.5,-56.0
1554,2018-01-19,5595.0,19.5
1555,2018-01-20,5602.0,7.0
1556,2018-01-21,5568.5,-33.5
1557,2018-01-22,5293.5,-275.0
1558,2018-01-23,5527.5,234.0
1559,2018-01-24,5520.5,-7.0
1560,2018-01-25,5598.0,77.5
1561,2018-01-26,5454.5,-143.5
1562,2018-01-27,5662.0,207.5
1563,2018-01-28,5635.0,-27.0
1564,2018-01-29,5484.5,-150.5
1565,2018-01-30,5549.5,65.0
1566,2018-01-31,5551.0,1.5
1567,2018-02-01,5598.5,47.5
1568,2018-02-02,5508.5,-90.0
1569,2018-02-03,5508.0,-0.5
1570,2018-02-04,5353.5,-154.5
1571,2018-02-05,5361.0,7.5
1572,2018-02-06,5404.0,43.0
1573,2018-02-07,5308.0,-96.0
1574,2018-02-08,5273.0,-35.0
1575,2018-02-09,5233.0,-40.0
1576,2018-02-10,5263.0,30.0
1577,2018-02-11,4972.5,-290.5
1578,2018-02-12,5047.0,74.5
1579,2018-02-13,4670.0,-377.0
1580,2018-02-14,5175.5,505.5
1581,2018-02-15,5319.0,143.5
1582,2018-02-16,5243.0,-76.0
1583,2018-02-17,5320.5,77.5
1584,2018-02-18,5152.0,-168.5
1585,2018-02-19,5255.0,103.0
1586,2018-02-20,5261.5,6.5
1587,2018-02-21,5188.0,-73.5
1588,2018-02-22,5252.0,64.0
1589,2018-02-23,5326.0,74.0
1590,2018-02-24,5359.0,33.0
1591,2018-02-25,5312.0,-47.0
1592,2018-02-26,5343.0,31.0
1593,2018-02-27,5043.5,-299.5
1594,2018-02-28,4992.5,-51.0
1595,2018-03-01,4954.5,-38.0
1596,2018-03-02,4958.5,4.0
1597,2018-03-03,4926.0,-32.5
1598,2018-03-05,4906.0,-20.0
1599,2018-03-06,5055.0,149.0
1600,2018-03-07,5181.0,126.0
1601,2018-03-08,5395.5,214.5
1602,2018-03-09,5557.5,162.0
1603,2018-03-10,6060.0,502.5
1604,2018-03-11,5474.5,-585.5
1605,2018-03-12,5608.5,134.0
1606,2018-03-13,5476.5,-132.0
1607,2018-03-14,5705.5,229.0
1608,2018-03-15,5754.5,49.0
1609,2018-03-16,5728.5,-26.0
1610,2018-03-17,5736.0,7.5
1611,2018-03-18,5617.0,-119.0
1612,2018-03-19,5776.0,159.0
1613,2018-03-20,6044.0,268.0
1614,2018-03-21,6918.5,874.5
1615,2018-03-22,6803.0,-115.5
1616,2018-03-23,6854.0,51.0
1617,2018-03-24,6814.5,-39.5
1618,2018-03-25,6587.5,-227.0
1619,2018-03-26,6434.0,-153.5
1620,2018-03-27,6480.5,46.5
1621,2018-03-28,6419.0,-61.5
1622,2018-03-29,6267.0,-152.0
1623,2018-03-30,6289.0,22.0
1624,2018-03-31,6328.5,39.5
1625,2018-04-01,6308.5,-20.0
1626,2018-04-02,6318.5,10.0
1627,2018-04-03,6694.5,376.0
1628,2018-04-04,6818.5,124.0
1629,2018-04-05,6858.5,40.0
1630,2018-04-06,7202.5,344.0
1631,2018-04-07,6856.5,-346.0
1632,2018-04-08,7405.0,548.5
1633,2018-04-09,7232.0,-173.0
1634,2018-04-10,7324.5,92.5
1635,2018-04-11,7192.0,-132.5
1636,2018-04-12,7040.5,-151.5
1637,2018-04-13,7050.5,10.0
1638,2018-04-14,5896.5,-1154.0
1639,2018-04-15,6058.5,162.0
1640,2018-04-16,6059.0,0.5
1641,2018-04-17,6322.0,263.0
1642,2018-04-18,6242.5,-79.5
1643,2018-04-19,6168.5,-74.0
1644,2018-04-20,6020.5,-148.0
1645,2018-04-21,5872.0,-148.5
1646,2018-04-22,5909.0,37.0
1647,2018-04-23,5905.0,-4.0
1648,2018-04-24,5925.0,20.0
1649,2018-04-25,5660.5,-264.5
1650,2018-04-26,5660.5,0.0
1651,2018-04-27,5825.5,165.0
1652,2018-04-28,5811.0,-14.5
1653,2018-04-29,5772.5,-38.5
1654,2018-04-30,5782.5,10.0
1655,2018-05-01,5861.5,79.0
1656,2018-05-02,5806.5,-55.0
1657,2018-05-03,5828.0,21.5
1658,2018-05-04,5712.0,-116.0
1659,2018-05-05,5630.0,-82.0
1660,2018-05-06,5599.5,-30.5
1661,2018-05-07,5559.5,-40.0
1662,2018-05-08,5521.0,-38.5
1663,2018-05-09,5434.0,-87.0
1664,2018-05-10,5414.5,-19.5
1665,2018-05-11,5498.5,84.0
1666,2018-05-12,5498.0,-0.5
1667,2018-05-13,5503.0,5.0
1668,2018-05-14,5552.5,49.5
1669,2018-05-15,5691.0,138.5
1670,2018-05-16,5624.5,-66.5
1671,2018-05-17,5629.5,5.0
1672,2018-05-18,5568.5,-61.0
1673,2018-05-19,5564.0,-4.5
1674,2018-05-20,5507.0,-57.0
1675,2018-05-21,5445.0,-62.0
1676,2018-05-22,5455.5,10.5
1677,2018-05-23,5477.5,22.0
1678,2018-05-24,5426.0,-51.5
1679,2018-05-25,5263.5,-162.5
1680,2018-05-26,5276.0,12.5
1681,2018-05-27,5383.5,107.5
1682,2018-05-28,5357.0,-26.5
1683,2018-05-29,5483.5,126.5
1684,2018-05-30,5379.0,-104.5
1685,2018-05-31,5451.0,72.0
1686,2018-06-01,5389.5,-61.5
1687,2018-06-02,5354.5,-35.0
1688,2018-06-03,5361.5,7.0
1689,2018-06-04,5267.5,-94.0
1690,2018-06-05,5269.5,2.0
1691,2018-06-06,5196.5,-73.0
1692,2018-06-07,5211.5,15.0
1693,2018-06-08,5248.5,37.0
1694,2018-06-09,5083.0,-165.5
1695,2018-06-10,4859.5,-223.5
1696,2018-06-11,4992.5,133.0
1697,2018-06-12,4998.0,5.5
1698,2018-06-13,5045.0,47.0
1699,2018-06-14,5072.0,27.0
1700,2018-06-15,5014.5,-57.5
1701,2018-06-16,5019.5,5.0
1702,2018-06-17,5195.5,176.0
1703,2018-06-18,5069.0,-126.5
1704,2018-06-19,5142.5,73.5
1705,2018-06-20,5323.0,180.5
1706,2018-06-21,5509.5,186.5
1707,2018-06-22,5525.0,15.5
1708,2018-06-23,5585.0,60.0
1709,2018-06-24,5452.5,-132.5
1710,2018-06-25,5371.0,-81.5
1711,2018-06-26,5271.0,-100.0
1712,2018-06-27,5296.5,25.5
1713,2018-06-28,5186.0,-110.5
1714,2018-06-29,5136.0,-50.0
1715,2018-06-30,5154.0,18.0
1716,2018-07-01,5093.5,-60.5
1717,2018-07-02,5223.0,129.5
1718,2018-07-03,5404.5,181.5
1719,2018-07-04,5096.5,-308.0
1720,2018-07-05,5059.5,-37.0
1721,2018-07-06,5072.0,12.5
1722,2018-07-07,5072.0,0.0
1723,2018-07-08,5075.5,3.5
1724,2018-07-09,5398.0,322.5
1725,2018-07-10,5295.5,-102.5
1726,2018-07-11,5165.5,-130.0
1727,2018-07-12,5057.0,-108.5
1728,2018-07-13,5224.5,167.5
1729,2018-07-14,5199.0,-25.5
1730,2018-07-15,5237.5,38.5
1731,2018-07-16,5123.0,-114.5
1732,2018-07-17,5483.0,360.0
1733,2018-07-18,5481.5,-1.5
1734,2018-07-19,5260.0,-221.5
1735,2018-07-20,5585.0,325.0
1736,2018-07-21,5643.5,58.5
1737,2018-07-22,5667.5,24.0
1738,2018-07-23,5455.0,-212.5
1739,2018-07-24,5517.5,62.5
1740,2018-07-25,5502.5,-15.0
1741,2018-07-26,5505.0,2.5
1742,2018-07-27,5525.0,20.0
1743,2018-07-28,5499.0,-26.0
1744,2018-07-29,5567.0,68.0
1745,2018-07-30,5646.5,79.5
1746,2018-07-31,5679.0,32.5
1747,2018-08-01,5569.5,-109.5
1748,2018-08-02,5705.0,135.5
1749,2018-08-03,5781.0,76.0
1750,2018-08-04,5766.0,-15.0
1751,2018-08-05,5925.5,159.5
1752,2018-08-06,5905.0,-20.5
1753,2018-08-07,5960.5,55.5
1754,2018-08-08,5833.0,-127.5
1755,2018-08-09,6004.0,171.0
1756,2018-08-10,6054.0,50.0
1757,2018-08-11,6063.5,9.5
1758,2018-08-12,6240.0,176.5
1759,2018-08-13,5969.0,-271.0
1760,2018-08-14,5833.0,-136.0
1761,2018-08-15,5797.5,-35.5
1762,2018-08-16,5890.5,93.0
1763,2018-08-17,5961.5,71.0
1764,2018-08-18,5931.5,-30.0
1765,2018-08-19,6151.5,220.0
1766,2018-08-20,6043.0,-108.5
1767,2018-08-21,3325.0,-2718.0
1768,2018-08-22,6180.5,2855.5
1769,2018-08-23,6175.5,-5.0
1770,2018-08-24,6150.5,-25.0
1771,2018-08-25,5959.0,-191.5
1772,2018-08-26,5867.0,-92.0
1773,2018-08-27,6561.0,694.0
1774,2018-08-28,5865.5,-695.5
1775,2018-08-29,5867.0,1.5
1776,2018-08-30,5845.0,-22.0
1777,2018-08-31,5704.5,-140.5
1778,2018-09-01,5942.5,238.0
1779,2018-09-02,6052.5,110.0
1780,2018-09-03,5929.0,-123.5
1781,2018-09-04,5978.5,49.5
1782,2018-09-05,5939.5,-39.0
1783,2018-09-06,5766.0,-173.5
1784,2018-09-07,5976.5,210.5
1785,2018-09-08,5969.0,-7.5
1786,2018-09-09,6068.0,99.0
1787,2018-09-10,6222.5,154.5
1788,2018-09-11,6153.5,-69.0
1789,2018-09-12,5841.0,-312.5
1790,2018-09-13,6058.5,217.5
1791,2018-09-14,5994.0,-64.5
1792,2018-09-15,5929.0,-65.0
1793,2018-09-16,5958.5,29.5
1794,2018-09-17,5747.0,-211.5
1795,2018-09-18,5657.0,-90.0
1796,2018-09-19,6037.5,380.5
1797,2018-09-20,5981.5,-56.0
1798,2018-09-21,6009.0,27.5
1799,2018-09-22,5817.0,-192.0
1800,2018-09-23,5694.5,-122.5
1801,2018-09-24,5521.5,-173.0
1802,2018-09-25,5569.0,47.5
1803,2018-09-26,5489.0,-80.0
1804,2018-09-27,5427.0,-62.0
1805,2018-09-28,5463.0,36.0
1806,2018-09-29,5502.5,39.5
1807,2018-09-30,5446.0,-56.5
1808,2018-10-01,5399.0,-47.0
1809,2018-10-02,5423.5,24.5
1810,2018-10-03,5415.0,-8.5
1811,2018-10-04,5661.0,246.0
1812,2018-10-05,5598.0,-63.0
1813,2018-10-06,5582.0,-16.0
1814,2018-10-07,5616.0,34.0
1815,2018-10-08,5324.0,-292.0
1816,2018-10-09,5305.0,-19.0
1817,2018-10-10,5276.0,-29.0
1818,2018-10-11,5168.5,-107.5
1819,2018-10-12,5263.5,95.0
1820,2018-10-13,5332.5,69.0
1821,2018-10-14,5551.0,218.5
1822,2018-10-15,5617.5,66.5
1823,2018-10-16,5324.5,-293.0
1824,2018-10-17,5301.0,-23.5
1825,2018-10-18,5192.5,-108.5
1826,2018-10-19,5234.0,41.5
1827,2018-10-20,4860.0,-374.0
1828,2018-10-21,4918.0,58.0
1829,2018-10-22,4895.0,-23.0
1830,2018-10-23,4849.5,-45.5
1831,2018-10-24,4958.5,109.0
1832,2018-10-25,5038.0,79.5
1833,2018-10-26,5060.0,22.0
1834,2018-10-27,4955.0,-105.0
1835,2018-10-28,4932.5,-22.5
1836,2018-10-29,4991.0,58.5
1837,2018-10-30,4766.0,-225.0
1838,2018-10-31,4867.5,101.5
1839,2018-11-01,4929.0,61.5
1840,2018-11-02,4954.0,25.0
1841,2018-11-03,4870.0,-84.0
1842,2018-11-04,4862.0,-8.0
1843,2018-11-05,4926.0,64.0
1844,2018-11-06,4912.0,-14.0
1845,2018-11-07,4942.0,30.0
1846,2018-11-08,4835.0,-107.0
1847,2018-11-09,4849.0,14.0
1848,2018-11-10,4066.5,-782.5
1849,2018-11-11,4761.5,695.0
1850,2018-11-12,4908.0,146.5
1851,2018-11-13,4760.0,-148.0
1852,2018-11-14,4590.0,-170.0
1853,2018-11-15,4632.0,42.0
1854,2018-11-16,4585.5,-46.5
1855,2018-11-17,4757.5,172.0
1856,2018-11-18,4834.5,77.0
1857,2018-11-19,4929.0,94.5
1858,2018-11-20,5031.0,102.0
1859,2018-11-21,5074.0,43.0
1860,2018-11-22,5125.0,51.0
1861,2018-11-23,4964.0,-161.0
1862,2018-11-24,5003.5,39.5
1863,2018-11-25,4960.0,-43.5
1864,2018-11-26,4877.0,-83.0
1865,2018-11-27,5001.0,124.0
1866,2018-11-28,4993.5,-7.5
1867,2018-11-29,4894.0,-99.5
1868,2018-11-30,4868.5,-25.5
1869,2018-12-01,4870.5,2.0
1870,2018-12-02,4728.5,-142.0
1871,2018-12-03,4977.5,249.0
1872,2018-12-04,4967.5,-10.0
1873,2018-12-05,4910.5,-57.0
1874,2018-12-06,4930.5,20.0
1875,2018-12-07,5028.0,97.5
1876,2018-12-08,5026.0,-2.0
1877,2018-12-09,5016.5,-9.5
1878,2018-12-10,5140.0,123.5
1879,2018-12-11,5154.5,14.5
1880,2018-12-12,5253.5,99.0
1881,2018-12-13,5262.0,8.5
1882,2018-12-14,5340.0,78.0
1883,2018-12-15,5360.0,20.0
1884,2018-12-16,5317.0,-43.0
1885,2018-12-17,5269.5,-47.5
1886,2018-12-18,5208.5,-61.0
1887,2018-12-19,5219.5,11.0
1888,2018-12-20,5244.5,25.0
1889,2018-12-21,5225.5,-19.0
1890,2018-12-22,5238.5,13.0
1891,2018-12-23,5378.0,139.5
1892,2018-12-24,5916.0,538.0
1893,2018-12-25,5934.5,18.5
1894,2018-12-26,5849.5,-85.0
1895,2018-12-27,5647.5,-202.0
1896,2018-12-28,5649.0,1.5
1897,2018-12-29,5867.5,218.5
1898,2018-12-30,5904.0,36.5
1899,2018-12-31,6007.5,103.5
1900,2019-01-01,6074.0,66.5
1901,2019-01-02,5956.5,-117.5
1902,2019-01-03,6135.5,179.0
1903,2019-01-04,6093.5,-42.0
1904,2019-01-05,6101.0,7.5
1905,2019-01-06,6098.0,-3.0
1906,2019-01-07,6110.5,12.5
1907,2019-01-08,6275.0,164.5
1908,2019-01-09,5956.5,-318.5
1909,2019-01-10,5726.5,-230.0
1910,2019-01-11,5915.0,188.5
1911,2019-01-12,5996.5,81.5
1912,2019-01-13,5902.5,-94.0
1913,2019-01-14,5887.5,-15.0
1914,2019-01-15,5964.0,76.5
1915,2019-01-16,5933.0,-31.0
1916,2019-01-17,6038.0,105.0
1917,2019-01-18,5930.5,-107.5
1918,2019-01-19,5870.5,-60.0
1919,2019-01-20,5880.5,10.0
1920,2019-01-21,5797.0,-83.5
1921,2019-01-22,5845.5,48.5
1922,2019-01-23,5728.5,-117.0
1923,2019-01-24,5728.0,-0.5
1924,2019-01-25,5490.0,-238.0
1925,2019-01-26,5470.0,-20.0
1926,2019-01-27,5591.5,121.5
1927,2019-01-28,5456.5,-135.0
1928,2019-01-29,5226.5,-230.0
1929,2019-01-30,5280.5,54.0
1930,2019-01-31,5244.5,-36.0
1931,2019-02-01,5381.0,136.5
1932,2019-02-02,5244.0,-137.0
1933,2019-02-03,5180.0,-64.0
1934,2019-02-04,5346.0,166.0
1935,2019-02-05,5299.5,-46.5
1936,2019-02-06,5162.0,-137.5
1937,2019-02-07,5118.0,-44.0
1938,2019-02-08,5045.5,-72.5
1939,2019-02-09,5201.5,156.0
1940,2019-02-10,5057.0,-144.5
1941,2019-02-11,4994.5,-62.5
1942,2019-02-12,4917.0,-77.5
1943,2019-02-13,4840.5,-76.5
1944,2019-02-14,4850.5,10.0
1945,2019-02-15,4908.0,57.5
1946,2019-02-16,4910.5,2.5
1947,2019-02-17,5090.5,180.0
1948,2019-02-18,4999.0,-91.5
1949,2019-02-19,4770.5,-228.5
1950,2019-02-20,4845.5,75.0
1951,2019-02-21,4754.0,-91.5
1952,2019-02-22,4701.5,-52.5
1953,2019-02-23,4864.0,162.5
1954,2019-02-24,4816.5,-47.5
1955,2019-02-25,4725.5,-91.0
1956,2019-02-26,4604.0,-121.5
1957,2019-02-27,4701.5,97.5
1958,2019-02-28,4920.5,219.0
1959,2019-03-01,4922.5,2.0
1960,2019-03-02,4940.5,18.0
1961,2019-03-03,4823.5,-117.0
1962,2019-03-05,4928.5,105.0
1963,2019-03-06,4933.5,5.0
1964,2019-03-07,4825.5,-108.0
1965,2019-03-08,5416.0,590.5
1966,2019-03-09,5334.5,-81.5
1967,2019-03-10,5320.0,-14.5
1968,2019-03-11,4926.0,-394.0
1969,2019-03-12,4966.0,40.0
1970,2019-03-13,5056.0,90.0
1971,2019-03-14,4949.0,-107.0
1972,2019-03-15,4978.5,29.5
1973,2019-03-16,5120.0,141.5
1974,2019-03-17,4849.0,-271.0
1975,2019-03-18,4989.0,140.0
1976,2019-03-19,4509.0,-480.0
1977,2019-03-20,4883.0,374.0
1978,2019-03-21,4714.0,-169.0
1979,2019-03-22,4842.0,128.0
1980,2019-03-23,4833.0,-9.0
1981,2019-03-24,5024.0,191.0
1982,2019-03-25,5349.5,325.5
1983,2019-03-26,5335.5,-14.0
1984,2019-03-27,5219.5,-116.0
1985,2019-03-28,5282.5,63.0
1986,2019-03-29,5197.5,-85.0
1987,2019-03-30,5195.0,-2.5
1988,2019-03-31,5128.0,-67.0
1989,2019-04-01,5012.5,-115.5
1990,2019-04-02,5211.5,199.0
1991,2019-04-03,5231.0,19.5
1992,2019-04-04,5228.0,-3.0
1993,2019-04-05,5222.5,-5.5
1994,2019-04-06,5171.0,-51.5
1995,2019-04-07,5301.5,130.5
1996,2019-04-08,5276.0,-25.5
1997,2019-04-09,5266.5,-9.5
1998,2019-04-10,5377.5,111.0
1999,2019-04-11,5703.5,326.0
2000,2019-04-12,5368.5,-335.0
2001,2019-04-13,5643.5,275.0
2002,2019-04-14,5703.5,60.0
2003,2019-04-15,5772.0,68.5
2004,2019-04-16,5880.0,108.0
2005,2019-04-17,6006.5,126.5
2006,2019-04-18,6097.5,91.0
2007,2019-04-19,6009.0,-88.5
2008,2019-04-20,5903.5,-105.5
2009,2019-04-21,5885.0,-18.5
2010,2019-04-22,5941.5,56.5
2011,2019-04-23,6093.0,151.5
2012,2019-04-24,6000.5,-92.5
2013,2019-04-25,5907.5,-93.0
2014,2019-04-26,5735.0,-172.5
2015,2019-04-27,5951.0,216.0
2016,2019-04-28,5934.5,-16.5
2017,2019-04-29,5881.0,-53.5
2018,2019-04-30,5833.5,-47.5
2019,2019-05-01,5790.0,-43.5
2020,2019-05-02,5780.5,-9.5
2021,2019-05-03,5891.0,110.5
2022,2019-05-04,5836.0,-55.0
2023,2019-05-05,5621.0,-215.0
2024,2019-05-06,5969.5,348.5
2025,2019-05-07,5869.0,-100.5
2026,2019-05-08,5958.5,89.5
2027,2019-05-09,6123.5,165.0
2028,2019-05-10,6215.5,92.0
2029,2019-05-11,6194.0,-21.5
2030,2019-05-12,6182.0,-12.0
2031,2019-05-13,6084.5,-97.5
2032,2019-05-14,5787.0,-297.5
2033,2019-05-15,5692.0,-95.0
2034,2019-05-16,5710.5,18.5
2035,2019-05-17,5800.5,90.0
2036,2019-05-18,5952.0,151.5
2037,2019-05-19,6056.0,104.0
2038,2019-05-20,6081.5,25.5
2039,2019-05-21,6083.5,2.0
2040,2019-05-22,6098.0,14.5
2041,2019-05-23,6135.0,37.0
2042,2019-05-24,6194.5,59.5
2043,2019-05-25,6072.0,-122.5
2044,2019-05-26,6178.5,106.5
2045,2019-05-27,5856.5,-322.0
2046,2019-05-28,5861.0,4.5
2047,2019-05-29,6306.0,445.0
2048,2019-05-30,5973.0,-333.0
2049,2019-05-31,8146.0,2173.0
2050,2019-06-01,7796.5,-349.5
2051,2019-06-02,7863.5,67.0
2052,2019-06-03,7834.5,-29.0
2053,2019-06-04,8427.0,592.5
2054,2019-06-05,8070.5,-356.5
2055,2019-06-06,8165.5,95.0
2056,2019-06-07,7979.0,-186.5
2057,2019-06-08,7984.0,5.0
2058,2019-06-09,8325.0,341.0
2059,2019-06-10,8299.5,-25.5
2060,2019-06-11,8293.5,-6.0
2061,2019-06-12,8330.0,36.5
2062,2019-06-13,8575.0,245.0
2063,2019-06-14,8568.5,-6.5
2064,2019-06-15,8507.0,-61.5
2065,2019-06-16,8756.0,249.0
2066,2019-06-17,8979.5,223.5
2067,2019-06-18,8816.0,-163.5
2068,2019-06-19,8580.5,-235.5
2069,2019-06-20,8656.5,76.0
2070,2019-06-21,8497.5,-159.0
2071,2019-06-22,8291.5,-206.0
2072,2019-06-23,8393.5,102.0
2073,2019-06-24,8345.0,-48.5
2074,2019-06-25,8357.0,12.0
2075,2019-06-26,8342.5,-14.5
2076,2019-06-27,8382.5,40.0
2077,2019-06-28,8708.5,326.0
2078,2019-06-29,8572.5,-136.0
2079,2019-06-30,8610.0,37.5
2080,2019-07-01,8502.0,-108.0
2081,2019-07-02,8555.5,53.5
2082,2019-07-03,8539.5,-16.0
2083,2019-07-04,8391.5,-148.0
2084,2019-07-05,8410.0,18.5
2085,2019-07-06,8362.5,-47.5
2086,2019-07-07,8241.5,-121.0
2087,2019-07-08,8477.5,236.0
2088,2019-07-09,8402.5,-75.0
2089,2019-07-10,8365.5,-37.0
2090,2019-07-11,8607.0,241.5
2091,2019-07-12,8497.0,-110.0
2092,2019-07-13,8731.0,234.0
2093,2019-07-14,9125.5,394.5
2094,2019-07-15,8764.5,-361.0
2095,2019-07-16,8862.5,98.0
2096,2019-07-17,9057.0,194.5
2097,2019-07-18,9147.5,90.5
2098,2019-07-19,8958.5,-189.0
2099,2019-07-20,9058.0,99.5
2100,2019-07-21,9361.5,303.5
2101,2019-07-22,9315.0,-46.5
2102,2019-07-23,9267.0,-48.0
2103,2019-07-24,9073.0,-194.0
2104,2019-07-25,9250.0,177.0
2105,2019-07-26,9262.0,12.0
2106,2019-07-27,9100.5,-161.5
2107,2019-07-28,8925.0,-175.5
2108,2019-07-29,8688.5,-236.5
2109,2019-07-30,8918.5,230.0
2110,2019-07-31,8870.0,-48.5
2111,2019-08-01,9037.0,167.0
2112,2019-08-02,8550.0,-487.0
2113,2019-08-03,8640.5,90.5
2114,2019-08-04,8673.0,32.5
2115,2019-08-05,8604.0,-69.0
2116,2019-08-06,8670.0,66.0
2117,2019-08-07,8630.5,-39.5
2118,2019-08-08,8489.0,-141.5
2119,2019-08-09,8162.0,-327.0
2120,2019-08-10,8180.0,18.0
2121,2019-08-11,8149.0,-31.0
2122,2019-08-12,8020.0,-129.0
2123,2019-08-13,7996.5,-23.5
2124,2019-08-14,8018.5,22.0
2125,2019-08-15,8220.0,201.5
2126,2019-08-16,7965.5,-254.5
2127,2019-08-17,7466.5,-499.0
2128,2019-08-18,7557.0,90.5
2129,2019-08-19,7765.0,208.0
2130,2019-08-20,7826.5,61.5
2131,2019-08-21,7586.0,-240.5
2132,2019-08-22,8316.5,730.5
2133,2019-08-23,8226.5,-90.0
2134,2019-08-24,8114.0,-112.5
2135,2019-08-25,8572.5,458.5
2136,2019-08-26,8208.5,-364.0
2137,2019-08-27,7870.0,-338.5
2138,2019-08-28,7991.0,121.0
2139,2019-08-29,7705.0,-286.0
2140,2019-08-30,7863.0,158.0
2141,2019-08-31,7909.0,46.0
2142,2019-09-01,7647.5,-261.5
2143,2019-09-02,6997.0,-650.5
2144,2019-09-03,7202.5,205.5
2145,2019-09-04,7090.5,-112.0
2146,2019-09-05,7288.5,198.0
2147,2019-09-06,7636.5,348.0
2148,2019-09-07,7763.5,127.0
2149,2019-09-08,7584.5,-179.0
2150,2019-09-09,7422.5,-162.0
2151,2019-09-10,7524.0,101.5
2152,2019-09-11,7510.5,-13.5
2153,2019-09-12,7602.0,91.5
2154,2019-09-13,7388.0,-214.0
2155,2019-09-14,7590.0,202.0
2156,2019-09-15,8100.5,510.5
2157,2019-09-16,7953.5,-147.0
2158,2019-09-17,8037.0,83.5
2159,2019-09-18,6309.5,-1727.5
2160,2019-09-19,8057.5,1748.0
2161,2019-09-20,8163.0,105.5
2162,2019-09-21,8307.5,144.5
2163,2019-09-22,8454.5,147.0
2164,2019-09-23,8821.0,366.5
2165,2019-09-24,8966.0,145.0
2166,2019-09-25,9061.0,95.0
2167,2019-09-26,9080.5,19.5
2168,2019-09-27,8948.5,-132.0
2169,2019-09-28,9059.5,111.0
2170,2019-09-29,8667.0,-392.5
2171,2019-09-30,8780.5,113.5
2172,2019-10-01,8643.5,-137.0
2173,2019-10-02,8651.5,8.0
2174,2019-10-03,9006.0,354.5
2175,2019-10-04,8819.0,-187.0
2176,2019-10-05,9241.0,422.0
2177,2019-10-06,9756.0,515.0
2178,2019-10-07,8943.5,-812.5
2179,2019-10-08,9918.5,975.0
2180,2019-10-09,9151.0,-767.5
2181,2019-10-10,8426.0,-725.0
2182,2019-10-11,9416.0,990.0
2183,2019-10-12,9291.0,-125.0
2184,2019-10-13,8796.0,-495.0
2185,2019-10-14,9294.0,498.0
2186,2019-10-15,9016.5,-277.5
2187,2019-10-16,8859.5,-157.0
2188,2019-10-17,8758.0,-101.5
2189,2019-10-18,8849.5,91.5
2190,2019-10-19,8679.0,-170.5
2191,2019-10-20,8485.0,-194.0
2192,2019-10-21,8498.0,13.0
2193,2019-10-22,8658.0,160.0
2194,2019-10-23,8938.0,280.0
2195,2019-10-24,8785.0,-153.0
2196,2019-10-25,9217.5,432.5
2197,2019-10-26,8806.0,-411.5
2198,2019-10-27,8794.5,-11.5
2199,2019-10-28,8742.0,-52.5
2200,2019-10-29,9754.5,1012.5
2201,2019-10-30,8312.0,-1442.5
2202,2019-10-31,8873.0,561.0
2203,2019-11-01,8895.0,22.0
2204,2019-11-02,8674.0,-221.0
2205,2019-11-03,8888.0,214.0
2206,2019-11-04,8873.0,-15.0
2207,2019-11-05,8989.5,116.5
2208,2019-11-06,9208.5,219.0
2209,2019-11-07,9257.5,49.0
2210,2019-11-08,9188.5,-69.0
2211,2019-11-09,9073.0,-115.5
2212,2019-11-10,9240.5,167.5
2213,2019-11-11,9240.0,-0.5
2214,2019-11-12,9499.0,259.0
2215,2019-11-13,9520.5,21.5
2216,2019-11-14,9336.5,-184.0
2217,2019-11-15,9498.0,161.5
2218,2019-11-16,9328.0,-170.0
2219,2019-11-17,9276.5,-51.5
2220,2019-11-18,9291.5,15.0
2221,2019-11-19,9349.0,57.5
2222,2019-11-20,9300.5,-48.5
2223,2019-11-21,8980.0,-320.5
2224,2019-11-22,9007.5,27.5
2225,2019-11-23,8851.5,-156.0
2226,2019-11-24,8740.0,-111.5
2227,2019-11-25,8769.0,29.0
2228,2019-11-26,8810.0,41.0
2229,2019-11-27,8827.5,17.5
2230,2019-11-28,8827.0,-0.5
2231,2019-11-29,8976.5,149.5
2232,2019-11-30,8885.5,-91.0
2233,2019-12-01,8731.0,-154.5
2234,2019-12-02,8854.0,123.0
2235,2019-12-03,8831.0,-23.0
2236,2019-12-04,8665.0,-166.0
2237,2019-12-05,8869.5,204.5
2238,2019-12-06,9009.5,140.0
2239,2019-12-07,8841.0,-168.5
2240,2019-12-08,8888.0,47.0
2241,2019-12-09,8885.5,-2.5
2242,2019-12-10,8833.0,-52.5
2243,2019-12-11,8865.0,32.0
2244,2019-12-12,8823.5,-41.5
2245,2019-12-13,8771.5,-52.0
2246,2019-12-14,9043.5,272.0
2247,2019-12-15,8948.5,-95.0
2248,2019-12-16,8942.5,-6.0
2249,2019-12-17,8960.5,18.0
2250,2019-12-18,8938.5,-22.0
2251,2019-12-19,8864.5,-74.0
2252,2019-12-20,8777.0,-87.5
2253,2019-12-21,8661.5,-115.5
2254,2019-12-22,8885.5,224.0
2255,2019-12-23,8819.0,-66.5
2256,2019-12-24,8723.0,-96.0
2257,2019-12-25,8890.5,167.5
2258,2019-12-26,8833.0,-57.5
2259,2019-12-27,8810.5,-22.5
2260,2019-12-28,8720.0,-90.5
2261,2019-12-29,8899.0,179.0
2262,2019-12-30,8844.0,-55.0
2263,2019-12-31,8979.0,135.0
